date,username,tweet,hashtags,link
2/22/2022,boostjockster,"#UFC's Dana White @SHOBoxing ""Bob Arum FIXED Bradley Fight to Stall #Pacquiao vs #Mayweather"" -  https://t.co/eSt0xhwmDY","['ufc', 'pacquiao', 'mayweather']",https://twitter.com/boostjockster/status/1495869833338142723
2/22/2022,evoluamente,#Pacquiao #BruceLee #Silva and other #NFL #NBA superstar #NFT's waiting for you !,"['pacquiao', 'brucelee', 'silva', 'nfl', 'nba', 'nft']",https://twitter.com/Evoluamente/status/1495811616205688837
2/21/2022,pacquiaomichael,"‚ÄºÔ∏è UPDATE ‚ÄºÔ∏è  ~ DURATION ~  START: February 25, 2022 (7:13 am)  END: March 27, 2022 (7:13 am)  STARTING PRICE: $10,000 in ETH   After the duration, this will be sold to the highest bidder ‚ÄºÔ∏èüëÄüî• Goodluck!  #Giveaways #NFT #ETH #fighterofthedecade #pacquiao #Crypto #Blockchain  https://t.co/uSSoGvxhhJ","['giveaways', 'nft', 'eth', 'fighterofthedecade', 'pacquiao', 'crypto', 'blockchain']",https://twitter.com/PacquiaoMichael/status/1495738379606052865
2/21/2022,ifmdagupannews,Sino ba sa tingin mo Idol ang dapat mamayagpag sa May 9 Halalan 2022? Sino ba sa kanila ang karapat-dapat na manalo? #Halalan2022 #Pacquiao #Marcos #Robredo #Lacson #DeGuzman #Moreno #ifmdagupan  https://t.co/gMpoaJke6R,"['halalan2022', 'pacquiao', 'marcos', 'robredo', 'lacson', 'deguzman', 'moreno', 'ifmdagupan']",https://twitter.com/ifmdagupanNEWS/status/1495549380560310272
2/20/2022,globallawmedia,"Like, share, and follow @globallawmedia for more legal education   #manny #pacquiao #success #motivation #optimistic #boxing #boxer  https://t.co/AS28UjKGC9","['manny', 'pacquiao', 'success', 'motivation', 'optimistic', 'boxing', 'boxer']",https://twitter.com/globallawmedia/status/1495413308173684736
2/20/2022,imharvieamerol,who do you want to be president in the coming election 2022? #Halalan2022 #Elections2022 #BBM #LeniRobredo #IskoMoreno #Pacquiao #President #BilangPilipino2022 #PHVote,"['halalan2022', 'elections2022', 'bbm', 'lenirobredo', 'iskomoreno', 'pacquiao', 'president', 'bilangpilipino2022', 'phvote']",https://twitter.com/imharvieamerol/status/1495217115678208002
2/19/2022,boostjockster,"#UFC's Dana White @SHOBoxing ""Bob Arum FIXED Bradley Fight to Stall #Pacquiao vs #Mayweather"" -  https://t.co/eSt0xheLfo","['ufc', 'pacquiao', 'mayweather']",https://twitter.com/boostjockster/status/1494782720450330626
2/18/2022,toughlove48,"This is why I'm against ""Build Back Better"" Leni Robredo.  The Great Reset 's puppet candidate will bring THIS to our doorstep too. Wake up Filipinos!  #CanadaHasFallen #Halalan2022  #BBM #IskoMoreno #Ping #Pacquiao @bongbongmarcos @iampinglacson @MannyPacquiao @IskoMoreno","['canadahasfallen', 'halalan2022', 'bbm', 'iskomoreno', 'ping', 'pacquiao']",https://twitter.com/toughlove48/status/1494675517135470595
2/18/2022,gdjjbkgdhk,„Éë„ÉÉ„Ç≠„É£„Ç™„É©„Çπ„Éà„Éû„ÉÉ„ÉÅ„ÅåWOWOW„ÅßË¶ã„Çâ„Çå„Çã„ÅÆ„ÅØ2/20„Åæ„Åß„Å†„Çà  #WOWOW  #Pacquiao,"['wowow', 'pacquiao']",https://twitter.com/gdjjbkgdhk/status/1494630805368639491
2/18/2022,boxing_habit,That's rightüòé Mayweather &gt; Pacquiao #Mayweather #pacquiao  https://t.co/LPoFQtSgjP,"['mayweather', 'pacquiao']",https://twitter.com/boxing_habit/status/1494538381845356545
2/18/2022,looptify,"What's in your Pacquiao Collection?  LEGACY &amp; GOD'S WARRIOR TEES  are available at  https://t.co/BUu5vCp42A   #PacquaioLegacy #pacquiaoforpresident #PACQUIAO #beapartofthelegacy @ Los Angeles, California  https://t.co/w3zr42QvoR","['pacquaiolegacy', 'pacquiaoforpresident', 'pacquiao', 'beapartofthelegacy']",https://twitter.com/looptify/status/1494399341141757957
2/17/2022,ismaeelrn,"#Philippines boxing icon, presidential candidate Manny #Pacquiao says he will welcome an international probe into President Rodrigo Duterte's war on drugs if elected, and promised to fight narcotics ""the right way"", with due process, not street shootings.   https://t.co/sqsWFGGSbE","['philippines', 'pacquiao']",https://twitter.com/ismaeelrn/status/1494211569860980737
2/22/2022,cardinalhayes,Happy Presidents‚Äô Day from Cardinal Hayes High school. #UpHayes #ForGodAndCountry  https://t.co/xDfudAZnik,"['uphayes', 'forgodandcountry']",https://twitter.com/CardinalHayes/status/1495803298070384649
2/21/2022,chaplaingary1,"This week's #MondayMinistryMinute contains proof that my ""quiver is full"" as I spend the day with the family.  Enjoy your holiday. #ChaplainLife #Psalms #FindingBalance #AlabamaNG #ForGodAndCountry  https://t.co/24SFf5xRTE","['mondayministryminute', 'chaplainlife', 'psalms', 'findingbalance', 'alabamang', 'forgodandcountry']",https://twitter.com/ChaplainGary1/status/1495779179920609283
2/21/2022,armychaplains,"This #PresidentsDay, pray for our country, pray for our leaders, and pray for our Chaplain Corps that we may continue to deliver like-kind ministries as this chaplain did with Washington at Valley Forge.  #ForGodandCountry | #LiveTheCall | #ArmyChaplainCorps  https://t.co/oVhUB8FxZW","['presidentsday', 'forgodandcountry', 'livethecall', 'armychaplaincorps']",https://twitter.com/ArmyChaplains/status/1495714930821058563
2/21/2022,mumbashungu,#ForGodAndCountry,['forgodandcountry'],https://twitter.com/MumbaShungu/status/1495651378387197953
2/21/2022,benjaminakakpo3,Welcome to #Monday on the #AMShow. We bring you #TheMostCompellingConversations. Why miss out? Join us - #ForGodAndCountry!üí™üèæüá¨üá≠üôåüèæ  #JoyNews #AMShow  https://t.co/oIT9ni1MOa,"['monday', 'amshow', 'themostcompellingconversations', 'forgodandcountry', 'joynews', 'amshow']",https://twitter.com/BenjaminAkakpo3/status/1495640907361787905
2/21/2022,thelightinthis1,Not-So Christian Karen #ForGodAndCountry #Christian #Jesus #Bible #abortionban #Abortion  https://t.co/J78hpbmENE via @YouTube @shouting4God @RayComfort @ChristianExodu1,"['forgodandcountry', 'christian', 'jesus', 'bible', 'abortionban', 'abortion']",https://twitter.com/TheLightInThis1/status/1495611654473662471
2/21/2022,justmelindakay,"I will use my voice, my means and my life fighting that the future of our grandchildren is an intact, with freedom! #GodSaveOurLand #americafirst #forgodandcountry  https://t.co/3zJjLSh0t7","['godsaveourland', 'americafirst', 'forgodandcountry']",https://twitter.com/JustMeLindaKay/status/1495564574204076034
2/21/2022,tobebote2,@lakwatsarah @lenirobredo I'm brave enough to stand on what i believed is right. #MarcosMagnanakaw #FamilyLove #ForGodAndCountry #AllTheBest #WeVotePH #WeDecideForLeni2022 #HalalanPH2022 #VoteWisely #EndPoliticalDynastiesPH #NoToMarcosJrAndSaraDuterte2022,"['marcosmagnanakaw', 'familylove', 'forgodandcountry', 'allthebest', 'wevoteph', 'wedecideforleni2022', 'halalanph2022', 'votewisely', 'endpoliticaldynastiesph', 'notomarcosjrandsaraduterte2022', 'defenddemocracy']",https://twitter.com/ToBebotE2/status/1495494407742705668
2/28/2022,mpac_foundation,We accept cryptocurrency!  Donate today üëâ  https://t.co/D3VwiAtrza  #PacquiaoFoundation #MannyPacquiao #MannysCorner $BTC $BNB $SHIB $LINK $ETH $AMP $BAT $BCH $DAI $DOGE $GRT $GUSD $LTC  https://t.co/5SW46w6SyN,"['pacquiaofoundation', 'mannypacquiao', 'mannyscorner']",https://twitter.com/MPac_Foundation/status/1498275792597491717
2/28/2022,ibanez_joson,@kimpoyfeliciano I love Christian Leader üòç I will go for #MannyPacquiao,['mannypacquiao'],https://twitter.com/ibanez_joson/status/1498270206137110529
2/28/2022,vincentrist,"sa daming lumabas na survey ngayon para sa election, nainterview ka na ba ni minsan? #LeniKikoAllTheWay #IskoMoreno #BBMForPresident #pinglacsonismypresident #MannyPacquiao","['lenikikoalltheway', 'iskomoreno', 'bbmforpresident', 'pinglacsonismypresident', 'mannypacquiao']",https://twitter.com/vinCENTrist/status/1498261399612825603
2/28/2022,ebotoph,#MannyPacquiao #10RobredoForPresident  https://t.co/7qlKsdshKY,"['mannypacquiao', '10robredoforpresident']",https://twitter.com/eBotoPH/status/1498247118339059717
2/28/2022,ebotoph,#IskoMoreno #MannyPacquiao #10RobredoForPresident  https://t.co/inWnQWJFVf,"['iskomoreno', 'mannypacquiao', '10robredoforpresident']",https://twitter.com/eBotoPH/status/1498243869527670784
2/28/2022,bosswaziky,@BentoBoiNFT @SmallBrosNFT #bento #LUISA #derya #MannyPacquiao,"['bento', 'luisa', 'derya', 'mannypacquiao']",https://twitter.com/bosswaziky/status/1498218974559019010
2/28/2022,paolo60492975,Panahon na para mag kaisa ang sambayanang Pilipino. Edsa 3 kontra sa kahirapan. Hindi Edsa 3 kontra sa nakaupo sa Malacanang or Mauupo sa malacanang.   #BBMSARA2022 #LetLeniLead2022 #LacsonSotto2022  #MannyPacquiao #IskoMoreno,"['bbmsara2022', 'letlenilead2022', 'lacsonsotto2022', 'mannypacquiao', 'iskomoreno']",https://twitter.com/Paolo60492975/status/1498176170806104064
2/28/2022,paolo60492975,"Hindi kelangan hilahin pababa kung sinoman ang nakaupo. Instead supportahan ito or gumawa ka ng sarili mong paraan para di makapagpabigat sa bayad, hindi paraan para kalabanin ang isang tao.   #BBMSARA2022 #LetLeniLead2022 #LacsonSotto2022  #MannyPacquiao #IskoMoreno","['bbmsara2022', 'letlenilead2022', 'lacsonsotto2022', 'mannypacquiao', 'iskomoreno']",https://twitter.com/Paolo60492975/status/1498175509846720512
2/28/2022,paolo60492975,"Then, leading dapat si kakampink Leni. Impossible naman na ung 56M Marcos lahat yan and sure ako na lahat ng 22M possibleng kakampink dahil sa masalimuot na dinanas nila sa panahon ng mga Marcos.  #BBMSARA2022 #LetLeniLead2022 #IskoMoreno #MannyPacquiao #LacsonSotto2022","['bbmsara2022', 'letlenilead2022', 'iskomoreno', 'mannypacquiao', 'lacsonsotto2022']",https://twitter.com/Paolo60492975/status/1498175106220462086
2/28/2022,paolo60492975,PH Demographics last 2020 Ages 18 to 44 = 52M - Did not experience at all or too young to remember the Marcos Regime   Ages 45 to 74 = 22M - First-hand experience of Marcos Regime   #BBMSARA2022 #LetLeniLead2022 #IskoMoreno #MannyPacquiao #LacsonSotto2022,"['bbmsara2022', 'letlenilead2022', 'iskomoreno', 'mannypacquiao', 'lacsonsotto2022']",https://twitter.com/Paolo60492975/status/1498174785075179520
2/28/2022,delacruzjubz,"If only Manny can speak fluently his thoughts. Still, thank you sir for your genuine heart. From boxing to govt service, you always carry the flag of the country. #MannyPacquiao",['mannypacquiao'],https://twitter.com/DelacruzJubz/status/1498117368211701767
2/28/2022,joazkuizon,"Wala pa ba yung mga ‚Äúnice lahat sila naka-mask‚Äù memes for this photo? Hahahaha char lang, Manny.ü§£  #10RobredoForPresident #IpanaloNa10To #LeniForPresident2022 #MannyPacquiao  https://t.co/KY1Fd4Lzdy","['10robredoforpresident', 'ipanalona10to', 'leniforpresident2022', 'mannypacquiao']",https://twitter.com/joazkuizon/status/1498117271964708865
2/28/2022,mjpascual08,"@Rossjem1986 @ApatheticDame Ang mga botante ni #LeniRobredo #IskoMoreno #PingLacson #MannyPacquiao malinaw na makakapag-decision kung sino ang iboboto. Bukas ang mga mata namin. Hindi kami nagpa-budol sa Magnanakaw,Sinungaling,Walang diploma,Laki sa Nakaw","['lenirobredo', 'iskomoreno', 'pinglacson', 'mannypacquiao', 'cnnpresidentialdebate']",https://twitter.com/mjpascual08/status/1498108258241769474
2/28/2022,thebubzlife,To my filipino community. Koanny Pacman ahahaha! #MannyPacquiao #NFT,"['mannypacquiao', 'nft']",https://twitter.com/thebubzlife/status/1498076379254079497
2/28/2022,blizzard14,Yung pinupuri mo ang LGBTQ+ community pero Same-Sex union hindi mo pa maibigay sa amin? üôÑüôÑüôÑüôÑ  Kaya hindi ikaw iboboto ko. Homophobic ka kasi ever since  #MannyPacquiao,['mannypacquiao'],https://twitter.com/blizzard14/status/1498047346113875970
2/28/2022,brotherpacman,#MannyPacquiao  https://t.co/yoW0Mfytsz,['mannypacquiao'],https://twitter.com/BrotherPacman/status/1497978208846639105
2/28/2022,brotherpacman,#MannyPacquiao  https://t.co/HAJ5dsUSUh,['mannypacquiao'],https://twitter.com/BrotherPacman/status/1497977946178408450
2/28/2022,gelsantosrelos,Yes! #MannyPacquiao fired up and throwing punches for #LeniRobredo as the best candidate we can count on to lead the country. Prayer niya yan sa Diyos para sa ating bayan! #CNNPHPresidentialDebate  #LetLeniRead  #LeniKiko2022,"['mannypacquiao', 'lenirobredo', 'cnnphpresidentialdebate', 'letleniread', 'lenikiko2022']",https://twitter.com/GelSantosRelos/status/1497972938942803970
2/27/2022,reymart30624687,Manny please don't expect to win hahhaha  #CNNPHPresidentialDebate  #MannyPacquiao  #Manny,"['cnnphpresidentialdebate', 'mannypacquiao', 'manny']",https://twitter.com/Reymart30624687/status/1497953331834093568
2/28/2022,elevate_life_,Imagine todo debate ka sa FACEBOOK at TWITTER. Pero yung kandidato mo wala sa debate?   #CNNPresidentialDebate  #bbm #LeniKiko2022 #LacsonSotto2022 #pacquiao,"['cnnpresidentialdebate', 'bbm', 'lenikiko2022', 'lacsonsotto2022', 'pacquiao']",https://twitter.com/Elevate_Life_/status/1498135616323682306
2/28/2022,camilinpinguiin,"When @EthernityChain gets rolling it will be interesting...  Their quality is top notch, and only big names on their #NFTs   #MESSI #MODRIC #SUAREZ #SHAQ #SILVA #PACQUIAO  Wonder who will be next..  And not just #NFT..they are building like no other #Metaverse project..  https://t.co/SBJFKdY8lm","['nfts', 'messi', 'modric', 'suarez', 'shaq', 'silva', 'pacquiao', 'nft', 'metaverse']",https://twitter.com/camilinpinguiin/status/1498074499031482370
2/27/2022,jiology,"VP #Leni, Sen. #Lacson, #KaLeody, and Sen. #Pacquiao said a lot of good points during this #CNNPresidentialDebate.","['leni', 'lacson', 'kaleody', 'pacquiao', 'cnnpresidentialdebate']",https://twitter.com/jiology/status/1497910027390427138
2/27/2022,revelusyon,"#Pacquiao: abolish prisons, establish gulags üòç",['pacquiao'],https://twitter.com/revelusyon/status/1497909446802276356
2/27/2022,fcktitoqc,Jusko #Pacquiao ‚Äî magwithdraw kanna at inendorse mo na si #LeniKiko2022,"['pacquiao', 'lenikiko2022']",https://twitter.com/FckTitoQC/status/1497904674745499649
2/27/2022,akoysijomar,"#Pacquiao, it's not the case that people ""failed"" to see the evil in their partners. Abusive partners basically hid that part of them, and abused the system so they could keep their victims in their grasp.  #CNNPHPresidentialDebate","['pacquiao', 'cnnphpresidentialdebate']",https://twitter.com/akoysijomar/status/1497898375542632448
2/27/2022,thekenyongf,#Pacquiao ok lang naman maging religious but remember that there‚Äôs a separation of the state and the church. Puro ka faith-based!,['pacquiao'],https://twitter.com/thekenyongf/status/1497897921958019073
2/27/2022,jimboism,#pacquiao: love the sinner hate the sin ‚ù§‚òùüèΩüôèüèΩ‚úù,['pacquiao'],https://twitter.com/jimboism/status/1497897009839161344
2/27/2022,fcktitoqc,Hala ayan nananamn si #Pacquiao üôÑüôÑüôÑ #CNNPresidentialDebate #cnnpresidentialdebate2022,"['pacquiao', 'cnnpresidentialdebate', 'cnnpresidentialdebate2022']",https://twitter.com/FckTitoQC/status/1497896708617142272
2/27/2022,carmelazabala,"Part 1 - Today‚Äôs #Gospel speaks of this time in the #PH history as we choose a leader in May ‚Äì Will you confidently entrust your life and future including your children to #Marcos, #Moreno, #Lacson, #Pacquiao or #Robredo?   #PHelection2022","['gospel', 'ph', 'marcos', 'moreno', 'lacson', 'pacquiao', 'robredo', 'phelection2022']",https://twitter.com/CarmelaZabala/status/1497780972783542276
2/27/2022,wilsonleeflores,"Buy &amp; read Today Feb. 27 Sunday @philippinestar newspaper, my column about Senator @mannypacquiao #Pacquiao.  This is part of the 2022 #Philippines presidential candidates series of #philstar.  #election2022 #halalan2022  https://t.co/Z4g8fd5LvS","['pacquiao', 'philippines', 'philstar', 'election2022', 'halalan2022']",https://twitter.com/WilsonLeeFlores/status/1497752764956516353
2/28/2022,ronmunsayac,"Maraming salamat, Marikina City! Ipaglalaban kayo ni @MannyPacquiao!  #PanaloangMahirap #PanaloangPilipino  https://t.co/BH1nIoFTkg","['panaloangmahirap', 'panaloangpilipino']",https://twitter.com/RonMunsayac/status/1498235548909338627
3/7/2022,senkokopimentel,"Isang makabuluhang araw ng Lunes para kay Senator Koko Pimentel, Senator Manny Pacquiao, at sa mga campaign leaders ng Team Manny Pacquiao for President.  #SenatorKokoPimentel #MannyPacquiaoForPresident #PanaloangPilipino #PanaloangMahirap #MANofdestiNY  https://t.co/eLDU1eudee","['senatorkokopimentel', 'mannypacquiaoforpresident', 'panaloangpilipino', 'panaloangmahirap', 'manofdestiny']",https://twitter.com/senkokopimentel/status/1500825695689506817
3/15/2022,alterbabymich,Nakakainis lang talaga yung ibang kakampinks na edukado kuno pero ayaw mag asal edukado. Please lang guys respect each others' choices. #LetLeniLead2022 #BBMSARA2022 #IskoMoreno #MannyPacquiao #PingLacson,"['letlenilead2022', 'bbmsara2022', 'iskomoreno', 'mannypacquiao', 'pinglacson']",https://twitter.com/alterbabymich/status/1503466417366056964
3/15/2022,fighthubtv,"The legend continues, as Manny Pacquiao son, won his first amateur fight!   Watch full fight here:  https://t.co/H3fO6RRlDO  #boxing #boxingnews #mannypacquiao  https://t.co/1kqBlZbchw","['boxing', 'boxingnews', 'mannypacquiao']",https://twitter.com/FightHubTV/status/1503428752499527684
3/14/2022,mpac_foundation,"Thanks, Keiffer! On and off the boxing ring, our founder, Manny Pacquiao,  strives to bring honor to the Philippines.  But we can‚Äôt do what we do without you!  Make a difference by giving today at  https://t.co/tfopSLb11M.  #PacquiaoFoundation #MannyPacquiao #MannysCorner  https://t.co/TpFRd8kJme","['pacquiaofoundation', 'mannypacquiao', 'mannyscorner']",https://twitter.com/MPac_Foundation/status/1503339899814301699
3/14/2022,_biyang,"Yung mga nag kakandidato dapat hindi rally ang inaatupag kundi issue ngayon sa ekonomiya. Dat ngayon palang galaw na, hindi gagalaw lang kapag naka upo na.  Tangina kawawa mga mahihirap ngayon!  #LeniRobredo #bongbongMarcos #IskoDomagoso #MannyPacquiao #Duterte","['lenirobredo', 'bongbongmarcos', 'iskodomagoso', 'mannypacquiao', 'duterte']",https://twitter.com/_BIYANG/status/1503323164150951938
3/14/2022,grazzinigray,#mannypacquiao #iskomoreno #pinglacson mas magiging makabuluhan kung aatras na kayo at susuporta kay #LeniRobredo2022 #LeniRobredoForPresident,"['mannypacquiao', 'iskomoreno', 'pinglacson', 'lenirobredo2022', 'lenirobredoforpresident']",https://twitter.com/GrazziniGray/status/1503308498704117760
3/14/2022,philnews247,Manny Pacquiao Congratulates Jimuel After Winning 1st Amateur Fight In USüëáü§© #MannyPacquiao #JimuelPacquiao #Pacman #JinkeePacquiao #Boxing READ:  https://t.co/wFUQ8lV1BC  https://t.co/A34iiLs5qW,"['mannypacquiao', 'jimuelpacquiao', 'pacman', 'jinkeepacquiao', 'boxing']",https://twitter.com/PhilNews247/status/1503176002687492100
3/14/2022,boxeotelemundo,"üí™ ¬°PACQUIAO CON LOS BRAZOS EN ALTO!   ü•ä @MannyPacquiao no dud√≥ en felicitar a su hijo, Jimuel Pacquiao, por su triunfo durante su debut en Estados Unidos  üßê ¬øCrees que logre llevar nuevamente el apellido a lo estelares del boxeo?  #mannypacquiao #pacquiao #box #boxeo #boxing  https://t.co/n4TKpO6h5z","['mannypacquiao', 'pacquiao', 'box', 'boxeo', 'boxing']",https://twitter.com/BoxeoTelemundo/status/1503165022465318913
3/14/2022,yamashirola,After a long day of training:A Real Champion #MannyPacquiao having #DateNight with his beautiful wife.  https://t.co/hHMsFVCn3w,"['mannypacquiao', 'datenight']",https://twitter.com/YamashiroLA/status/1503094810311286787
3/13/2022,oshinsitter,Aminin nyo na #MarcosJr #PingLacson #IskoMoreno at #MannyPacquiao.Hindi nyo kayang tapatan ang ganitong energy at saya ng #LeniKikoTeam2022 grand rally.,"['marcosjr', 'pinglacson', 'iskomoreno', 'mannypacquiao', 'lenikikoteam2022']",https://twitter.com/OshinSitter/status/1503017658413105156
3/13/2022,presidentsbn,Ayaw niyu ba kay idol #MannyPunk free din #NFTs üòÇ OpenSea account mga lodi drop üôè #MannyPacquiao @MannyPacquiao  https://t.co/n1wET3D23i,"['mannypunk', 'nfts', 'mannypacquiao']",https://twitter.com/PresidentSBN/status/1502988727186079750
3/13/2022,ayemmay9,First thing I want candidates asked is:   Can you vouch for the INTEGRITY of EVERYONE in your senatorial slate?   #AskPilipinasDebates   #IskoMoreno  #LeniRobredo  #PingLacson  #MannyPacquiao #BongbongMarcos,"['askpilipinasdebates', 'iskomoreno', 'lenirobredo', 'pinglacson', 'mannypacquiao', 'bongbongmarcos']",https://twitter.com/AyEmMay9/status/1502946265457258501
3/13/2022,sonteo_media,"Manny Pacquiao's son, Emmanuel, had an amateur fight today in San Diego at The House of Boxing gym in Paradise Hills. @MannyPacquiao @KnuckleheadSean @WildCardBoxing1 #EmmanuelPacquiao #MannyPacquiao #HOB #HouseofBoxing #SanDiego  https://t.co/51rDi6B1NM","['emmanuelpacquiao', 'mannypacquiao', 'hob', 'houseofboxing', 'sandiego']",https://twitter.com/sonteo_media/status/1502825671885660165
3/13/2022,artoriasboxing,"Every time I workout I remember this @MannyPacquiao clip and motivates me: ""I want to push! I want to push!"" by  @FightHubTV Original Video:  https://t.co/orMa3UfBFv @david_sisson35  #MannyPacquiao  https://t.co/e4Zybu0MV3",['mannypacquiao'],https://twitter.com/ArtoriasBoxing/status/1502684217796349952
3/12/2022,pjeamater,"To all celebrities endorsing political candidates, can you help us understand by sharing your reasons why we should vote for them? Not just by performing on stage or using generic taglines. #UniTeam #Kakampinks #IskoMoreno #PingLacson #MannyPacquiao","['uniteam', 'kakampinks', 'iskomoreno', 'pinglacson', 'mannypacquiao']",https://twitter.com/pjeamater/status/1502675429890527235
3/12/2022,mpac_foundation,"Thank you for being an inspiration and honoring your roots, Philip! We need more of you.   If you want to give back like Philip, please visit  https://t.co/tfopSLatce or click the link in our bio @pacquiaofoundation to know how to donate.  #PacquiaoFoundation #MannyPacquiao  https://t.co/t473q8vkHh","['pacquiaofoundation', 'mannypacquiao']",https://twitter.com/MPac_Foundation/status/1502621931744419845
3/12/2022,_therepublic_,#Zelenskyy does not seem to understand that the war in #Ukraine has as much value to an average American as a decent #MMA or #boxing match which probably brings more money than the entire #Ukrainian economy in 1 year. #FloydMayweather V #MannyPacquiao 900M in less than 2 hours.  https://t.co/CerUeI5ZDz,"['zelenskyy', 'ukraine', 'mma', 'boxing', 'ukrainian', 'floydmayweather', 'mannypacquiao']",https://twitter.com/_TheRepublic_/status/1502611964580835332
3/12/2022,gracefulkiller,Itong eleksiyon na to ang daming ENTITLED!! Bukod sa Cancel the Cancel Culture dapat END that ENTITLEMENT ATTITUDE din! Bakit naman sa Rainbow lahat ng color sama-sama ü§îüòÇ  üå∑üåπüå¥ü™¥üå±üåµ  #LeniRobredo #bongbongmarcos #pinglacson #IskoMoreno #kaleody #mannypacquiao,"['lenirobredo', 'bongbongmarcos', 'pinglacson', 'iskomoreno', 'kaleody', 'mannypacquiao']",https://twitter.com/gracefulkiller/status/1502509512317550593
3/12/2022,jrjrgon," https://t.co/aqKBgvu13E  Sharing this video, ""Paano MAKAKUHA ng Manny Pacquiao Libreng Pabahay ID"". Maybe someone could benefit. #mplibrengpabahay #mannypacquiao #mannypacquiaoform","['mplibrengpabahay', 'mannypacquiao', 'mannypacquiaoform']",https://twitter.com/JRJRGon/status/1502441988251009024
3/12/2022,nostalgiaboxing,Such a memorable fight! What did you think about this match?  #elterrible #pacman @MannyPacquiao #mannypacquiao #erikmorales #boxing #fightnight,"['elterrible', 'pacman', 'mannypacquiao', 'erikmorales', 'boxing', 'fightnight']",https://twitter.com/NostalgiaBoxing/status/1502404380879994883
3/11/2022,flipjuicychic,"Bakit nang-naaway ka besh? üòÇ Please respect #MannyPacquiao supporters, and supporters of other presidential candidates, in fact. Wag kayong ganyan teh, kahit saan na lang.  You can't convince people to support who you want to support, that way. Sobrang #Toxic.","['mannypacquiao', 'toxic']",https://twitter.com/FlipJuicyChic/status/1502111993477562368
3/10/2022,ryderoz,WWE 2K22 MANNY PACQUIAO CREATE A SUPERSTAR (Boxer &amp; Senate Attire) PSN: RyderOzpin More Create a Superstar Releases to follow soon. #WWE2K22 #WWE2K #CommunityCreations #MannyPacquiao  https://t.co/E1lN3O9mFw,"['wwe2k22', 'wwe2k', 'communitycreations', 'mannypacquiao']",https://twitter.com/RyderOz/status/1501922669541064704
3/10/2022,lordcockatrice,@Peyton02460675 What a regular #mannypacquiao,['mannypacquiao'],https://twitter.com/LordCockatrice/status/1501783105346347009
3/10/2022,mpac_foundation,"We‚Äôre in this fight together. Are you ready? ü•ä  Let‚Äôs empower communities in the Philippines, visit  https://t.co/tfopSLatce now!  #PacquiaoFoundation #MannyPacquiao #MannysCorner  https://t.co/UX5HMx0ccg","['pacquiaofoundation', 'mannypacquiao', 'mannyscorner']",https://twitter.com/MPac_Foundation/status/1501694319220174854
3/10/2022,worldboxingnews,"Floyd Mayweather is king, above Pacquiao, Tyson in all-time PPV sales  https://t.co/ht0bfyziiJ #FloydMayweather #MikeTyson #MannyPacquiao  https://t.co/nKNk0LvmYp","['floydmayweather', 'miketyson', 'mannypacquiao']",https://twitter.com/WorldBoxingNews/status/1501625406838956033
3/9/2022,worldboxingnews,Manny Pacquiao hot debate opens up following Errol Spence Jr. comments  https://t.co/Dbq7hBRtrw #MannyPacquiao #PacquiaoSpence  https://t.co/8dyQu8kzon,"['mannypacquiao', 'pacquiaospence']",https://twitter.com/WorldBoxingNews/status/1501584907176488966
3/9/2022,mpac_foundation,"Send money to the Philippines with ZERO fees!   Download @sendwaveapp now and enjoy FREE credit with the code, MPF.  #PacquiaoFoundation #MannyPacquiao #MannysCorner  https://t.co/MRQJqiPa2p","['pacquiaofoundation', 'mannypacquiao', 'mannyscorner']",https://twitter.com/MPac_Foundation/status/1501574277786587139
3/9/2022,dacanayp1,"O mga pinklawan, pagkatapos niyo icheck ang privilege niyo. Ito naman check niyo!  #LeniRobredo #PingLacson #BBM #IskoMoreno #MannyPacquiao","['lenirobredo', 'pinglacson', 'bbm', 'iskomoreno', 'mannypacquiao']",https://twitter.com/DacanayP1/status/1501480415642939393
3/9/2022,tribido_ka,"Kung ang layunin ni #iampinglacson, #mannypacquiao, #kaleody , #iskomoreno ay para talaga sa ikabubuti ng bayan, dapat umatras na sila at iendorso nila #LeniKikoAllTheWay !","['iampinglacson', 'mannypacquiao', 'kaleody', 'iskomoreno', 'lenikikoalltheway']",https://twitter.com/Tribido_Ka/status/1501476911955939331
3/9/2022,quintoangelito,Floyd Mayweather Gets Nearly Knocked Out‚Ä¶#floydmayweather #mannypacquiao  https://t.co/SQ49HiAG8E via @YouTube,"['floydmayweather', 'mannypacquiao']",https://twitter.com/QuintoAngelito/status/1501460283302154245
3/14/2022,bxrbie_estella,#ForGodAndCountryüáµüá≠  #PanaloAngMahirap #PanaloAngPilipino,"['forgodandcountry', 'panaloangmahirap', 'panaloangpilipino']",https://twitter.com/Bxrbie_estella/status/1503268329209090055
3/22/2022,meloh947,@manilabulletin @mbseppedrajas di yan kakasa sa iyo #mannypacquiao sasabihin ng handler ni BBM gusto mo lang tumaas ka sa survey.,['mannypacquiao'],https://twitter.com/meloh947/status/1506056840437973000
3/22/2022,silverkymm02,"Siguro sa boxing matatalo mo si BBM, pero sa debate? I doubt! Manny Pacquiao, you need Jesus. Okay? #Halalan2022 #Eleksyon2022 #BBM #SaraDuterte #MannyPacquiao","['halalan2022', 'eleksyon2022', 'bbm', 'saraduterte', 'mannypacquiao']",https://twitter.com/silverkymm02/status/1506039378023354371
3/21/2022,iamroverarcilla,"mukhang di niyo ata sinama sa balita niyo, @saksi sina @IskoMoreno at @MannyPacquiao?? May mga naging campaign activities naman din po sila kanina... e nasa @24OrasGMA naman din sila kanina. Kunsabagay, mas mahalaga nga pala sa inyo yung event ni Gozon  #IskoMoreno #MannyPacquiao","['iskomoreno', 'mannypacquiao']",https://twitter.com/iamroverarcilla/status/1505932576774524930
3/21/2022,ligayasecretar3,Ang FUCKYAW na walang utak #MannyPacquiao   https://t.co/Fkrr5cRdts,['mannypacquiao'],https://twitter.com/LigayaSecretar3/status/1505868678360936451
3/21/2022,babymoshara,POTACCA ANG TAPANG MO HA HAHAHAHAHAHAHAHAHAHAHAAHAHHAHAAHAHAHHA TOPIC NGA ABOUT DIVORCE PURO DIYOS BINABANGGIT MO. Tanga ka ba o sadyang nasobrahan yung suntok sa utak mo?? #mannypacquiao #BBMSaraUNITEAM,"['mannypacquiao', 'bbmsarauniteam']",https://twitter.com/babymoshara/status/1505863433861824512
3/21/2022,marq_nash,Greatest Boxing kncokouts #DAZN #mannypacquiao  https://t.co/Zk2KrqAoKA,"['dazn', 'mannypacquiao']",https://twitter.com/MARQ_NASH/status/1505859183685558274
3/21/2022,allstarboxmedia,"#MannyPacquiao is the only eight-division world champion in the history of Boxing, and has won twelve major world titles. 2019 .. Pac became the oldest welterweight world champion in history at the age of 40.  62-7-2 1995 -  PHILIPPINES  https://t.co/0iQZm5ZXlm",['mannypacquiao'],https://twitter.com/AllStarBoxMedia/status/1505678338232393732
3/21/2022,worldboxingnews,World champion Mark Magsayo takes WBC title to idol Manny Pacquiao  https://t.co/T3gar0Sudk #MarkMagsayo #MannyPacquiao  https://t.co/4YDy0cuEiv,"['markmagsayo', 'mannypacquiao']",https://twitter.com/WorldBoxingNews/status/1505600645180633100
3/20/2022,markmagsayo_mmm,"The moment I have been waiting for, finally! To bring the belt to the best and my idol @MannyPacquiao @KnuckleheadSean @FreddieRoach @WBCBoxing   Thank you for the advices kuya I will work harder next fight  üôèüèΩüáµüá≠ #Mppromotions #mannypacquiao #MMM  https://t.co/UuZUBmRx1m","['mppromotions', 'mannypacquiao', 'mmm']",https://twitter.com/markmagsayo_MMM/status/1505568665823248386
3/20/2022,juan_opinion,Paki sagot po #kakampink #bbmsupporters #isko #mannypacquiao  https://t.co/nk3HAqDykO,"['kakampink', 'bbmsupporters', 'isko', 'mannypacquiao']",https://twitter.com/juan_opinion/status/1505435549376548864
3/20/2022,elinadeluna,Maritesssss anong balita?üòÇ #PingLacson #MannyPacquiao #PiliPinasDebates2022  https://t.co/Jy6YCDeSif,"['pinglacson', 'mannypacquiao', 'pilipinasdebates2022']",https://twitter.com/ElinaDeLuna/status/1505381696719699969
3/20/2022,rosaliecasyar,#MannyPacquiao salute for being a true gentleman kay VPL.,['mannypacquiao'],https://twitter.com/rosaliecasyar/status/1505377087594504202
3/20/2022,philnews247,Should Excise Tax Be Suspended? Presidential Candidates Answer in Comelec Debate 2022 #LeniRobredo #IskoMoreno #MannyPacquiao #2022Election  READ:  https://t.co/mxveyxI7py  https://t.co/upjMVCNYfE,"['lenirobredo', 'iskomoreno', 'mannypacquiao', '2022election']",https://twitter.com/PhilNews247/status/1505351771375382529
3/19/2022,mpac_foundation,"In life, there are no losses. We either win or we learn.   ü•ä Be a champion today and help provide a family with a home. Link in bio @pacquiaofoundation!  #PacquiaoFoundation #MannyPacquiao #MannysCorner  https://t.co/54T0ZvGuvk","['pacquiaofoundation', 'mannypacquiao', 'mannyscorner']",https://twitter.com/MPac_Foundation/status/1505172738381541377
3/19/2022,kennethnhol,I just don't know why I have so much respect for #MannyPacquiao. #PiliPinasDebates2022,"['mannypacquiao', 'pilipinasdebates2022']",https://twitter.com/KennethNhol/status/1505162727056035842
3/19/2022,icabtwn,Thank you #MannyPacquiao for knowing the purpose of TESDA.,['mannypacquiao'],https://twitter.com/IcaBtwn/status/1505160160272035842
3/19/2022,pauumeow,"‚ÄúDapat ilagay ang tamang tao [IATF]‚Ä¶para alam nila yung ginagawa nila. Kung swimming ang labanan dapat swimmer ang ilagay mo, hindi boxer. Kung boxing labanan, edi boxer ilagay mo.‚Äù   Whooo, Bars!! #MannyPacquiao #PiliPinasDebates2022  https://t.co/fMDwq2SxDd","['mannypacquiao', 'pilipinasdebates2022']",https://twitter.com/PauuMeow/status/1505156267790192644
3/19/2022,jpoy1982,EMMANUEL MEANS GOD IS WITH US #MANNYPACQUIAO #PiliPinasDebates2022,"['mannypacquiao', 'pilipinasdebates2022']",https://twitter.com/JPoy1982/status/1505145382694707204
3/19/2022,javierjismael1,"#PiliPinasDebates2022 Presidential Candidate Manny Pacquiao says that on the first year of his administration, he will focus on the GDP and in improving the country's economy#theManilaTimes #mannyPacquiao","['pilipinasdebates2022', 'mannypacquiao']",https://twitter.com/JAVIERJISMAEL1/status/1505144626801672192
3/18/2022,catsarenotcute,Let's say I am Undecided. How would you convince me to vote for your candidate? Please be respectful.  Go.   #Halalan2022 #UniteamBBMSara2022 #LeniRobredo2022 #pinglacson #iskomoreno #mannypacquiao,"['halalan2022', 'uniteambbmsara2022', 'lenirobredo2022', 'pinglacson', 'iskomoreno', 'mannypacquiao']",https://twitter.com/catsarenotcute/status/1504764746679025669
3/18/2022,erin48114165,"Sinu b ang karapatdapat manalo c pagka-presidente ng Pilipinas (A thread)  #BBMForPresident  #LeniForPresident2022  #IskoMoreno  #mannypacquiao #pinglacson  You can choose to ignore my tweet but since this is my page, I have the right to say my piece.","['bbmforpresident', 'leniforpresident2022', 'iskomoreno', 'mannypacquiao', 'pinglacson']",https://twitter.com/erin48114165/status/1504504486286528518
3/17/2022,masterlei8,#storytime #valentinerosales #MannyPacquiao  https://t.co/2VAIzSru16,"['storytime', 'valentinerosales', 'mannypacquiao']",https://twitter.com/MasterLei8/status/1504421957441560579
3/17/2022,worldboxingnews,"Manny Pacquiao a long shot in Presidential election, tipped for comeback  https://t.co/ATlthgEgBi #MannyPacquiao  https://t.co/E4vdCgKIWD",['mannypacquiao'],https://twitter.com/WorldBoxingNews/status/1504420368815214595
3/17/2022,mpac_foundation,"For over 24 years, Cameleon PH has been working to protect &amp; heal young girls who are survivors of sexual abuse.  Their centers provide a safe &amp; therapeutic environment for these girls. Visit  https://t.co/tfopSLb11M   Join the fight today!  #PacquiaoFoundation #MannyPacquiao  https://t.co/DUei6pPjsf","['pacquiaofoundation', 'mannypacquiao']",https://twitter.com/MPac_Foundation/status/1504388207345291267
3/17/2022,presidentsbn,Airdrop 2500 #MannyPunk #NFTs! OpenSea Account Only guys. Idol #MannyPacquiao  Utility  https://t.co/ED1uBKyyqZ  Discord  https://t.co/duwMBB8QUA  Twitter  https://t.co/8TI4toQrVq  #VorzAvats  https://t.co/y7QUlOpzVm,"['mannypunk', 'nfts', 'mannypacquiao', 'vorzavats']",https://twitter.com/PresidentSBN/status/1504350259492794369
3/17/2022,ccllarenas,When #mannypacquiao said to #tedfailon that most politicians have business and using their position for their own benefit üòè #tagalaspi√±as #Corruption #PHVote #newsfm #radyosingko #tVfive #tv5,"['mannypacquiao', 'tedfailon', 'tagalaspi√±as', 'corruption', 'phvote', 'newsfm', 'radyosingko', 'tvfive', 'tv5']",https://twitter.com/ccllarenas/status/1504268668288397313
3/17/2022,ccllarenas,When #mannypacquiao said to #tedfailon that most politicians have business and using their position for their own benefit üòè #tagalaspi√±as #Corruption #PHVote,"['mannypacquiao', 'tedfailon', 'tagalaspi√±as', 'corruption', 'phvote']",https://twitter.com/ccllarenas/status/1504266772391686144
3/16/2022,awittylang,"last election, nagpapalit gyud kog tshirt ni DU30 bsag di ko botante. karon di gyapon ko botante hehehe #natamadmagparehistro #BBM #LetLeniLead #Isko #MannyPacquiao #sorrypi","['natamadmagparehistro', 'bbm', 'letlenilead', 'isko', 'mannypacquiao', 'sorrypi']",https://twitter.com/awittylang/status/1504077162202030083
3/16/2022,blackfarmerlink,Black Farmers Link YouTube Videos:  Description: Black Many üòéüòéüñ§üí£üñ§üï∂üëëüáÆüá≥üáÆüá≥ ll #balack #mannypacquiao #viralvideo Video:  https://t.co/WsqetNULLd,"['balack', 'mannypacquiao', 'viralvideo']",https://twitter.com/blackfarmerlink/status/1504039517652721667
3/16/2022,ccnews__,¬øCrees que #MannyPacquiao gane la presidencia de #Filipinas?  https://t.co/DcwJ8FwYvj,"['mannypacquiao', 'filipinas']",https://twitter.com/CCNews__/status/1503883749829881863
3/16/2022,sottoernesto,"@SyLicoNgaAko @datumx11 #MannyPacquiao Do the right thing! Help,#LeniRobredo.","['mannypacquiao', 'lenirobredo']",https://twitter.com/SottoErnesto/status/1503852020230332418
3/16/2022,choyzee,"Wrong move by the VP. Now, Drilon is asking the other candidates to consider withdrawing from the pres. race in favor of Leni. How ironic. #Halalan2022 #Eleksyon2022 #LetLeniLead2022 #pinglacson #IskoMoreno #mannypacquiao  https://t.co/VKBk660czk","['halalan2022', 'eleksyon2022', 'letlenilead2022', 'pinglacson', 'iskomoreno', 'mannypacquiao']",https://twitter.com/choyzee/status/1503780874046697475
3/16/2022,deportrece,üóìü•ä Hoy recordamos la pelea del a√±o 2008 entre Juan Manuel M√°rquez y Manny Pacquiao 2 con pol√©mico triunfo para el filipino.  ¬øQu√© detalles recuerdas de esta √©pica batalla? üëÄ #MannyPacquiao #juanmanuelmarquez #boxing  https://t.co/r3kwjeNGrI,"['mannypacquiao', 'juanmanuelmarquez', 'boxing']",https://twitter.com/Deportrece/status/1503779421400055809
3/15/2022,jpxellotath,There should be a live streaming and cctv observation system in this day and age to avoid voter fraud @COMELEC  @lenirobredo @bongbongmarcos @IskoMoreno @iampinglacson @MannyPacquiao #Vote2022 #LeniRobredo2022 #MannyPacquiao #BongBongMarcos #IskoMoreno #PingLacoson,"['vote2022', 'lenirobredo2022', 'mannypacquiao', 'bongbongmarcos', 'iskomoreno', 'pinglacoson']",https://twitter.com/JpXellotath/status/1503691548072222721
3/15/2022,oshinsitter,"Ikaw lang ang naniniwala sa ""chance to win the presidency."" Kung ako saiyo #MannyPacquiao suportahan mo na ang sure winner na si #LeniRobredo.üíñ #AngatBuhayLahatKayLeni #KulayRosasAngBukas #LiwanagSaDilim","['mannypacquiao', 'lenirobredo', 'angatbuhaylahatkayleni', 'kulayrosasangbukas', 'liwanagsadilim']",https://twitter.com/OshinSitter/status/1503533560128761859
3/22/2022,fueradebasetv,I only hold $ERN #NFTs and smile  In the future their value will only go up.  @EthernityChain is doing epic names like #Messi #Suarez #Modric #Shaq #ElvisPresley #BruceLee #Pacquiao...  2022 is their year for building and i can't wait to try the #P2E #Metaverse in #Q4,"['nfts', 'messi', 'suarez', 'modric', 'shaq', 'elvispresley', 'brucelee', 'pacquiao', 'p2e', 'metaverse', 'q4']",https://twitter.com/fueradebasetv/status/1506032906627653635
3/21/2022,jsttothequick,#Pacquiao dares #BBM to one-on-one debate. BBM should give this guy a mirror instead. #Halalan2022 #PHVote,"['pacquiao', 'bbm', 'halalan2022', 'phvote']",https://twitter.com/JstToTheQuick/status/1505849551185276934
3/21/2022,sportclub50,#Morales-#Pacquiao. Vaya par de dos. #BOXING,"['morales', 'pacquiao', 'boxing']",https://twitter.com/SportClub50/status/1505847595100475393
3/20/2022,iyot97672958,The PRESIDENTIAL debate that just happen is the BEST so far. Sayang wala si #bbm #LeniForPresident2022 #pacquiao #SwitchToIsko #lacson,"['bbm', 'leniforpresident2022', 'pacquiao', 'switchtoisko', 'lacson']",https://twitter.com/Iyot97672958/status/1505326824363999234
3/19/2022,niceredzi,#Realtalk #Pacquiao,"['realtalk', 'pacquiao']",https://twitter.com/niceredzi/status/1505202956119195650
3/19/2022,joy69336818,"mga kawatan, mag sama2x sa kulungan #pacquiao",['pacquiao'],https://twitter.com/joy69336818/status/1505166952930684929
3/19/2022,kwin_egg,"""Mark my word"" - #Pacquiao  :Lagot. #PiliPinasDebates2022","['pacquiao', 'pilipinasdebates2022']",https://twitter.com/kwin_egg/status/1505166856789041154
3/19/2022,shu27136361,"sa hirap ng mga tanong tsaka may mga rebutal pa, malamang di aattend di yung isa kasi mapaghahalataang bobo #PresidentialDebate  #theturningpoint #BBM #Lacson #pacquiao #ROBREDO","['presidentialdebate', 'theturningpoint', 'bbm', 'lacson', 'pacquiao', 'robredo']",https://twitter.com/Shu27136361/status/1505149983544143873
3/19/2022,nates1027,Respect!  #Pacquiao #KayLeniNaTayo #10RobredoPresident #PiliPinasDebates2022,"['pacquiao', 'kayleninatayo', '10robredopresident', 'pilipinasdebates2022']",https://twitter.com/nates1027/status/1505129670873862148
3/19/2022,realboxing_2022,Challenge is LIVE! Enter the game and use our EXCLUSIVE offer to unlock and box as Pacman! Be fast about it since we have something more for you just around the weekend ;)  #manny #pacman #pacquiao #boxing #game  https://t.co/kfZNFW3s9J,"['manny', 'pacman', 'pacquiao', 'boxing', 'game']",https://twitter.com/RealBoxing_2022/status/1504925009109737485
3/18/2022,radarafaela,"Ahora si guard√© el timelapse, este coso es de 8 minutos, si, es feo, pero estoy practicando velocidad. Me sugirieron Pacquiao versus Ippo  :p  #pacquiao #ippo #timelapse #doodle  https://t.co/NrtKPwAAGW","['pacquiao', 'ippo', 'timelapse', 'doodle']",https://twitter.com/RadaRafaela/status/1504625971886010371
3/17/2022,gelsantosrelos,Did you hear that BBM and SDC? Naumbag ba kayo sa knock out punch na yan ng katotohanang sinusuntok sa inyo ni #Pacquiao? ‚Äú NO ACCOUNTABILITY from candidates who SHUN DEBATES‚Äù! üí•ü•äüí•,['pacquiao'],https://twitter.com/GelSantosRelos/status/1504483854748246032
3/16/2022,timexsplicer,Pacquiao - Malinis ang tubig pero baka hindi sapat para mapawi ang uhaw #Pacman2022 #Pacquiao,"['pacman2022', 'pacquiao']",https://twitter.com/timexsplicer/status/1503923453245943811
3/15/2022,clidemarchelli,'En San Diego Pacquiao Jr. tuvo su primera pelea amateur en Estados Unidos' on Metro SK website  https://t.co/MZdd26Zf3B #pacquiao #Boxeo #SanDiego #CaliforniaDreaming,"['pacquiao', 'boxeo', 'sandiego', 'californiadreaming']",https://twitter.com/ClideMarchelli/status/1503711694039658500
3/15/2022,dancin4two,It will be an easier and more peaceful election if candidates and followers would focus on campaigning based on truth and credentials of the candidate. Yun lang naman ang dapat. Bakit may siraan at lies  pa? #Halalan2022  #LeniKiko2022  #BBMSARA2022  #IskoMoreno  #pacquiao,"['halalan2022', 'lenikiko2022', 'bbmsara2022', 'iskomoreno', 'pacquiao']",https://twitter.com/dancin4two/status/1503577341733195779
3/21/2022,jeffriesconrad,üá∫üá∏ I will bring #veteran #activeduty #nationalguard #suicide to it‚Äôs end üíØ No more #22  #forgodandcountry #nda  https://t.co/N9R5osKEas,"['veteran', 'activeduty', 'nationalguard', 'suicide', 'forgodandcountry', 'nda']",https://twitter.com/JeffriesConrad/status/1505906688917848071
3/21/2022,chaplaingary1,This weeks message is about bodily discipline and growing in Godliness.  Are you working toward fulfilling the promise of this life AND the life to come?  Its amazing what could happen if you take a few steps each day. #ChaplainLife #AlabamaNG #MinistryMinute #ForGodAndCountry  https://t.co/MnLAh0U2YB,"['chaplainlife', 'alabamang', 'ministryminute', 'forgodandcountry']",https://twitter.com/ChaplainGary1/status/1505871360479969280
3/21/2022,drprinceharmah,"The only thing all men have in equal measure is time. How successful you are depends on how best you manage your time. So, make every minute of this week count. May GOD bless your efforts.  #MondayMotivation #forGodandCountry  #Kwesimintsim  #DPHA  https://t.co/Xw5h476ZPo","['mondaymotivation', 'forgodandcountry', 'kwesimintsim', 'dpha']",https://twitter.com/drprinceharmah/status/1505832044953313282
3/21/2022,chaplaingary1,"@fortjackson  I sure would have loved to stop to visit the United States Army Institute of Religious Leadership (@usairl2022), but a Soldier has to report when ordered.  On to @fortbraggrso for long awaited training. #ChaplainLife #ForGodAndCountry #Alaba","['chaplainlife', 'forgodandcountry', 'alabamang', 'drivingthrough']",https://twitter.com/ChaplainGary1/status/1505681878656892929
3/20/2022,mavunokiamburd,"#ForGodAndCountry  ""3- Because I am a Christian I lend (prophetic) vision and insight to my generation, to my nation's culture and policy. "" Pastor Rocky.  #Christians #Christianity #MavunoChurchKiambuRoad","['forgodandcountry', 'christians', 'christianity', 'mavunochurchkiamburoad']",https://twitter.com/MavunoKiambuRd/status/1505492556687331337
3/20/2022,mavunokiamburd,"#ForGodAndCountry  ""1- Because we are Christians we influence our Nation, its Culture and Politics: We will not bow! 2- Because I am a Christian I am a leader ‚Äì I lead the way for our culture. "" Pastor Rocky #Christians #Christianity #MavunoChurchKiambuRoad","['forgodandcountry', 'christians', 'christianity', 'mavunochurchkiamburoad']",https://twitter.com/MavunoKiambuRd/status/1505492127312232450
3/20/2022,mavunokiamburd,#ForGodAndCountry 'a Christian is: 2. ‚Äúa person who believes in Jesus Christ and follows his teachings‚Äù ' Pastor Rocky  #Christians #Christianity #MavunoChurchKiambuRoad,"['forgodandcountry', 'christians', 'christianity', 'mavunochurchkiamburoad']",https://twitter.com/MavunoKiambuRd/status/1505482348044955653
3/20/2022,mavunokiamburd,#ForGodAndCountry  'We could therefore say a Christian is: 1. A disciple of Christ -a full time student and practitioner of the school and teachings of Jesus Christ. The believers in Antioch were called Christian's because they were disciples of Christ.' Pastor Rocky  #Christians,"['forgodandcountry', 'christians']",https://twitter.com/MavunoKiambuRd/status/1505479669629476865
3/20/2022,mavunokiamburd,"#ForGodAndCountry Who is a Christian? Acts 11:26 AMP and when he found him, he brought him back to Antioch. For an entire year they met [with others] in the church and instructed large numbers; and it was in Antioch that the disciples were first called Christians. #Christianity","['forgodandcountry', 'christianity']",https://twitter.com/MavunoKiambuRd/status/1505479411340095493
3/20/2022,mavunokiamburd,"#ForGodAndCountry Esther :1-5 contd to Mordecai, ‚ÄúWhy do you transgress the king's command?‚Äù And when they spoke to him day after day and he would not listen to them, they told Haman, in order to see whether Mordecai's words would stand, for he had told them that he was a Jew.",['forgodandcountry'],https://twitter.com/MavunoKiambuRd/status/1505472227222958080
3/20/2022,mavunokiamburd,"#ForGodAndCountry Esther :1-5 contd And all the king's servants who were at the king's gate bowed down and paid homage to Haman, for the king had so commanded concerning him. But Mordecai did not bow down or pay homage. Then the king's servants who were at the king's gate said",['forgodandcountry'],https://twitter.com/MavunoKiambuRd/status/1505472083538628609
3/20/2022,mavunokiamburd,"#ForGodAndCountry BECAUSE I'M A CHRISTIAN Esther 3:1-5 After these things King Ahasuerus promoted Haman the Agagite, the son of Hammedatha, and advanced him and set his throne above all the officials who were with him.",['forgodandcountry'],https://twitter.com/MavunoKiambuRd/status/1505467992645251075
3/20/2022,ronmunsayac,PROMDI/PDP Presidential bet Sen. @MannyPacquiao visited his Vice Presidential candidate today who's currently recovering from knee surgery.  #PacquiaoAtienza #ForGodAndCountry  https://t.co/phzvnrgANT,"['pacquiaoatienza', 'forgodandcountry']",https://twitter.com/RonMunsayac/status/1505467596363407369
3/20/2022,coriencio,@maninovax All good!! üëçüëçüëç God bless the Patriots worldwide!!!  I salute anyone who is willing to stand for freedom.  #ForGodandCountry,['forgodandcountry'],https://twitter.com/coriencio/status/1505242208953200644
3/19/2022,drprinceharmah,I am honoured to have supported this noble project and I look forward to the renovation of the community centre to serve the purpose of providing a common space for all the people of Adientem.   #forGodandCountry . #Kwesimintsim  #DPHA  3/3,"['forgodandcountry', 'kwesimintsim', 'dpha']",https://twitter.com/drprinceharmah/status/1505154098630479874
3/19/2022,ronmunsayac,"Dito na po tayo sa binago ang buhay ng Panginoon. Dumaan at pinatatag ng hirap ng buhay. Protektahan lahat tayo, matapang at haharapin lahat ng laban. Hindi magnanakaw at hindi ka maliliitin. Magbibigay karangalan sa bansa.  Si @MannyPacquiao ang Presidente ko.  #ForGodAndCountry  https://t.co/wiKjYzDUKZ",['forgodandcountry'],https://twitter.com/RonMunsayac/status/1505089908485943300
3/19/2022,mavunokiamburd,"#ForGodAndCountry  Deceptions of Kenya‚Äôs tribalism:  'If the president is from my tribe, I will benefit.' That benefit is just a feeling.  Be sure to join us this Sunday as we continue to mirror the book of Esther in the Bible with Kenya. #MavunoChurchKiambuRoad #ChurchKiambuRd  https://t.co/HuqOOlcqEZ","['forgodandcountry', 'mavunochurchkiamburoad', 'churchkiamburd']",https://twitter.com/MavunoKiambuRd/status/1505061508736290821
3/18/2022,usairl2022,"CHIEF OF CHAPLAINS VISITS C4 Army Chief of Chaplains, Chap. (MG) Thomas Solhjem visits with the students in the Chaplain Captains Career Course at the Heart and Home of the Army Chaplaincy at the Institute for Religious Leadership, March 18. #LiveTheCall #ForGodAndCountry  https://t.co/LJWAndtDDX","['livethecall', 'forgodandcountry']",https://twitter.com/usairl2022/status/1504838785766465538
3/18/2022,benjaminakakpo3,The #AMShow is airborne! We are #LargeAndInCharge!   Join us as we serve you another #FantasticFriday - #ForGodAndCountry!üí™üèæüá¨üá≠üî•üôåüèæ  #JoyNews #AMShow  https://t.co/o6fFPxCfbB,"['amshow', 'largeandincharge', 'fantasticfriday', 'forgodandcountry', 'joynews', 'amshow']",https://twitter.com/BenjaminAkakpo3/status/1504705589032763515
3/18/2022,roybaker22,Today‚Äôs Listening. #forgodandcountry #metronomy #laurenwood #dashboardconfessional #music #listening #musiccollection #musiccollector  https://t.co/H0TxA2RJbP,"['forgodandcountry', 'metronomy', 'laurenwood', 'dashboardconfessional', 'music', 'listening', 'musiccollection', 'musiccollector']",https://twitter.com/RoyBaker22/status/1504648799477805061
3/18/2022,coriencio,@SBSweetie ThanQ!!!  I salute anyone who is willing to fight for freedom.  God bless you @SBSweetie!! #ForGodandCountry,['forgodandcountry'],https://twitter.com/coriencio/status/1504557549781073923
3/18/2022,usairl2022,"Army Chief of Chaplains, Chap. (MG) Thomas Solhjem holds a Town Hall with the Chaplain Corps worldwide from the Heart and Home of the Army Chaplaincy at the Army Institute for Religious Leadership at Fort Jackson, South Carolina on March 17. #ForGodAndCountry  https://t.co/QNpGU1hENX",['forgodandcountry'],https://twitter.com/usairl2022/status/1504536887821840390
3/18/2022,coriencio,@BrokenAnthemUSA @cyborgjer Yes I am!  I hope you enjoyed it.  I give all the credit to our Lord and Savior upstairs.  God bless you btw!! #ForGodandCountry,['forgodandcountry'],https://twitter.com/coriencio/status/1504516781221703691
3/17/2022,coriencio,@JOHNROMEO007 ThanQ Sir and ThanQ for your service!! God bless our Military!! God bless you John.  #ForGodandCountry,['forgodandcountry'],https://twitter.com/coriencio/status/1504338440388718592
3/17/2022,thelightinthis1,We changed ‚ÄúWe Will Rock You‚Äù to ‚ÄúWe Will REBUKE You‚Äù #ForGodAndCountry #Christian #Jesus #Bible #StreetPreach #WarriorsForChrist   https://t.co/ECNdwYfYyO @YouTube @ChristianExodu1 @WFCChurch @shouting4God,"['forgodandcountry', 'christian', 'jesus', 'bible', 'streetpreach', 'warriorsforchrist']",https://twitter.com/TheLightInThis1/status/1504318352403034113
3/17/2022,drprinceharmah,I remain committed to all development issues in our beloved Kwesimintsim Constituency and I shall continue to support the effort towards realising a prosperous Kwesimintsim.   #forGodandCountry #Kwesimintsim  #DPHA,"['forgodandcountry', 'kwesimintsim', 'dpha']",https://twitter.com/drprinceharmah/status/1504180090866966533
3/16/2022,benjaminakakpo3,"Together, Ghanafu), let‚Äôs rock this #WonderfulWednesday on the #AMShow - #ForGodAndCountry!üí™üèæüá¨üá≠‚úåüèæüî•üôåüèæ  #JoyNews #AMShow  https://t.co/UeEFszkwuY","['wonderfulwednesday', 'amshow', 'forgodandcountry', 'joynews', 'amshow']",https://twitter.com/BenjaminAkakpo3/status/1503984026629165058
3/16/2022,tinagmensah,"It‚Äôs an honor to be recognized and adjudged the Best Deputy Minister of Health, 2021 by FAKS Investigative Services.  #ForGodAndCountry üá¨üá≠  https://t.co/s3gJeNddQ5",['forgodandcountry'],https://twitter.com/TinaGMensah/status/1503861784234672134
3/16/2022,chaplaingary1,And now you can see why I say this is my favorite animal.  God's creation is filled with beauty and enough joy to promote a smile- If only you will look. #Chaplainlife #ForGodAndCountry #AlabamaNG  https://t.co/TxNZrzBAtm,"['chaplainlife', 'forgodandcountry', 'alabamang']",https://twitter.com/ChaplainGary1/status/1503797607562457091
3/15/2022,drprinceharmah,"The simple road to success is to give your best every day in all you do. This is also the hardest thing to do. But with discipline, you can train yourself to be consistent and successful. Have a productive week!  #forGodandCountry  #Kwesimintsim  #DPHA  https://t.co/3SudVdB7Yo","['forgodandcountry', 'kwesimintsim', 'dpha']",https://twitter.com/drprinceharmah/status/1503649041950941185
3/15/2022,clumce3,"REGISTER &amp; PLEASE SHARE  LIBRENG PABAHAY, TRABAHO para sa lahat, pang KABUHAYAN, at marami pa.   Mag register lang sa  https://t.co/Fs6wSTusaS at i-save o i-print ang inyong digital ID.   #PanaloangPilipino kay Manny Pacquiao!  #ForGodAndCountry #MannyPacquiaoForPresident","['panaloangpilipino', 'forgodandcountry', 'mannypacquiaoforpresident']",https://twitter.com/Clumce3/status/1503603141430091776
3/20/2022,mlastandard,"Q5: Sa inyong pangangampanya, ano ang inyong natutunan na lalong nagpatibay ng inyong mga plano para sa mga mamamayang Pilipino?  #MStandardBeWiser #MStandardPHElection2022 #PiliPinasDebates2022 #VoteSAFEPilipinas #PanaloAngMahirap  https://t.co/EGyRDkYrvX","['mstandardbewiser', 'mstandardphelection2022', 'pilipinasdebates2022', 'votesafepilipinas', 'panaloangmahirap']",https://twitter.com/MlaStandard/status/1505464363251085314
3/20/2022,mlastandard,Follow-up Question: Ano ang inyong paninindigan pagdating sa mga proposal na gawin na lamang 4-day work week ngayon para makatipid ang mga empleyado pero ito ay ino-oppose ng mga employer?  #MStandardBeWiser #MStandardPHElection2022 #VoteSAFEPilipinas #PanaloAngMahirap  https://t.co/LrboR5rTei,"['mstandardbewiser', 'mstandardphelection2022', 'votesafepilipinas', 'panaloangmahirap']",https://twitter.com/MlaStandard/status/1505453039917752326
3/20/2022,mlastandard,"Q4: Ano ang gagawin mo para matiyak na sapat ang trabaho, matatag ang kabuhayan at dekalidad o up to standard ang kasanayan ng mga ga-graduate ngayon at papasok sa mundo ng paggawa?  #MStandardBeWiser #MStandardPHElection2022 #VoteSAFEPilipinas #PanaloAngMahirap  https://t.co/FGnsD3stpn","['mstandardbewiser', 'mstandardphelection2022', 'votesafepilipinas', 'panaloangmahirap']",https://twitter.com/MlaStandard/status/1505437991015264256
3/20/2022,mlastandard,"Q3: Sa tingin mo, sa puntong ito, ang Pilipinas ba ay handa na sa isa na namang COVID-19 surge? Kung hindi, paano mo palalakasin ang pagtugon kung nakaupo ka na sa puwesto?  #MStandardBeWiser #MStandardPHElection2022 #PiliPinasDebates2022 #VoteSAFEPilipinas #PanaloAngMahirap  https://t.co/PxxYCuAz7L","['mstandardbewiser', 'mstandardphelection2022', 'pilipinasdebates2022', 'votesafepilipinas', 'panaloangmahirap']",https://twitter.com/MlaStandard/status/1505230436800217090
3/19/2022,mlastandard,"Q2: Sa iyong pananaw, nagtagumpay ba ang ""Build, Build, Build"" Program? At kung kayo'y maluklok, itutuloy niyo ba ito? Yes or no. Why or why not?  #MStandardBeWiser #MStandardPHElection2022 #PiliPinasDebates2022 #VoteSAFEPilipinas #LacsonSottoPanaloTayo #PanaloAngMahirap  https://t.co/tIGKPix1nm","['mstandardbewiser', 'mstandardphelection2022', 'pilipinasdebates2022', 'votesafepilipinas', 'lacsonsottopanalotayo', 'panaloangmahirap']",https://twitter.com/MlaStandard/status/1505187740262047748
3/19/2022,mlastandard,Q1: Ano ang isang sektor na uunahin mong palakasin at bigyang prayoridad upang mapabilis ang pag-ahon ng ating ekonomiya?  #MStandardBeWiser #MStandardPHElection2022 #PiliPinasDebates2022 #VoteSAFEPilipinas #LacsonSottoPanaloTayo #PanaloAngMahirap  https://t.co/1kowxQ21ZL,"['mstandardbewiser', 'mstandardphelection2022', 'pilipinasdebates2022', 'votesafepilipinas', 'lacsonsottopanalotayo', 'panaloangmahirap']",https://twitter.com/MlaStandard/status/1505165118518276099
3/19/2022,jpoy1982,#Panaloangmahirap #PiliPinasDebates2022 #09MannyPacquiao  Emmanuel Manny Pacquiao for President,"['panaloangmahirap', 'pilipinasdebates2022', '09mannypacquiao']",https://twitter.com/JPoy1982/status/1505143923588870148
3/27/2022,kabalyero,"@TakeThatEarth2 @Anton73149282 @Rogozin @elonmusk Not really. Just be good at something and take advantage of opportunities that comes your way. Also, don't be lazy.  #FIlipino boxer #MannyPacquiao became successful and wealthy by doing what he was good a","['filipino', 'mannypacquiao']",https://twitter.com/kabalyero/status/1508045086185033734
3/26/2022,daddysgirlph,@Mel_Chor2021 The more laughable one would have been @lenirobredo sitting there. At least #MannyPacquiao never slapped up with his degrees.,['mannypacquiao'],https://twitter.com/DaddysGirlPH/status/1507723476508966913
3/26/2022,igorotage,"[660] This Igorot boxing prodigy from Ifugao could be the next Manny Pacquiao, experts and fans say.  #boxing #MannyPacquiao ( https://t.co/rn84lVNW10)","['boxing', 'mannypacquiao']",https://twitter.com/igorotage/status/1507703923813273603
3/26/2022,jaeager11,Hello #CNNPhilippines and #TV5 ü§£ü§£ü§£ü§£ Hello also to #IskoMoreno #MannyPacquiao #PingLacson   Mapapasayang ka na lang talaga ü§£ü§£ü§£ü§£ #Absent,"['cnnphilippines', 'tv5', 'iskomoreno', 'mannypacquiao', 'pinglacson', 'absent']",https://twitter.com/jaeager11/status/1507694960136843268
3/26/2022,sir_kabayan,"Remember: Always love your family and friends! Let's spread love, peace and unity not hatred, anger and negative energy! ü§ó‚ù§üíöüíüüíôüíõü§çüíú  Sa bandang huli, magsisimula pa rin ang tunay na pagbabago sa tahanan natin mismo. ü§≠üëå‚ù§üíö  #bbm #leni #isko #mannypacquiao #pinglacson  https://t.co/3VoRJnAmv6","['bbm', 'leni', 'isko', 'mannypacquiao', 'pinglacson']",https://twitter.com/Sir_Kabayan/status/1507646208751595529
3/26/2022,primpaypon,Twitter keeps on entertaining us with fun and creative presidentiable stuff. But a particular account only revealed four. I guess we all know the reason why the other one was not included. #LeniRobredo #MannyPacquiao #PingLacson #IskoMoreno  üì∏ CTTO  https://t.co/pwIKLPrFQP,"['lenirobredo', 'mannypacquiao', 'pinglacson', 'iskomoreno']",https://twitter.com/primpaypon/status/1507608055604649986
3/26/2022,c_lotaga,"Senator Manny Pacquiao, may tanong si Doctorney Jose Montemayor, ano daw ang address mo? May sampung bata kaming ipapadala sayo today para alagaan mo. Magtatayo din kami ng receiving center para tuloy-tuloy ang supply mo ng mga bata.  #MannyPacquiao  #JoseMontemayor #Halalan2022  https://t.co/X1Xqi7if8j","['mannypacquiao', 'josemontemayor', 'halalan2022']",https://twitter.com/c_lotaga/status/1507593893902127110
3/26/2022,adel_fuertes418,@Paps_Caloy Ambisyoso e....#mannypacquiao dapat ilagay ang sarili kung ano ang kaya ng utak....diba paps?,['mannypacquiao'],https://twitter.com/Adel_fuertes418/status/1507590345936482312
3/25/2022,jheybdeocera,"Opinion for Manny  Hmmmm... Yes magalin siya na boxer and nasa senate din siya, pero, kung manalo siya, kaya niya bang patunayan na mapagkakaisa niya ang mga tao na tulad sa mga laban niya?  #MannyPacquiao",['mannypacquiao'],https://twitter.com/JheybDeOcera/status/1507343381223342081
3/25/2022,doding_goons,It's election season #deadoralive #doa #TinaArmstrong #mannypacquiao  https://t.co/HTvNGzBDG8,"['deadoralive', 'doa', 'tinaarmstrong', 'mannypacquiao']",https://twitter.com/doding_goons/status/1507338796123275268
3/25/2022,philnews247,Aerial Shots Of Crowd During The Campaign Rally of Manny Pacquiao in Isabelaüëáü§© #MannyPacquiao #Isabela #GrandRally #2022Elections #Pacman READ:  https://t.co/xYSuABnwaA  https://t.co/LiaO6w9rln,"['mannypacquiao', 'isabela', 'grandrally', '2022elections', 'pacman']",https://twitter.com/PhilNews247/status/1507260074749677569
3/25/2022,sottoernesto,"@joel_gregorio @56audrey57 @manilabulletin @DrTonyLeachon #MannyPacquiao , you are  the People's Champ! Support #LeniRobredo in the fight against  the very face of corruption in theüáµüá≠. God bless. #LeniKikoAllTheWay","['mannypacquiao', 'lenirobredo', 'lenikikoalltheway']",https://twitter.com/SottoErnesto/status/1507049070468030505
3/24/2022,gallardozandz,"@iamkarendavila @LanceSia If Manny is able to set aside his personal ambition for God and for country, he will enter the league of legendary Filipino heroes who did the same for the Filipino nation.  His place in history will be hallowed and sealed for al",['mannypacquiao'],https://twitter.com/GallardoZandz/status/1507002745181839367
3/24/2022,gallardozandz,"@MackinleyZamora If Manny is able to set aside his personal ambition for God and for country, he will enter the league of legendary Filipino heroes who did the same for the Filipino nation.  His place in history will be hallowed and sealed for all time.  ",['mannypacquiao'],https://twitter.com/GallardoZandz/status/1507002124974329857
3/24/2022,gallardozandz,"If Manny is able to set aside his personal ambition for God and for country, he will enter the league of legendary Filipino heroes who did the same for the Filipino nation.  His place in history will be hallowed and sealed for all time.  #MannyPacquiao",['mannypacquiao'],https://twitter.com/GallardoZandz/status/1507001978836353032
3/24/2022,mpac_foundation,Make a difference every time you shop on @Amazon!  @AmazonSmile will donate a portion of your purchase to the Manny Pacquiao Foundation.   It‚Äôs EASY and you only have to activate ONCE.    https://t.co/7PfOkbnk62  #PacquiaoFoundation #MannyPacquiao #MannysCorner  https://t.co/rbjAl9OVpV,"['pacquiaofoundation', 'mannypacquiao', 'mannyscorner']",https://twitter.com/MPac_Foundation/status/1506988955866054663
3/24/2022,markquisvlad,Ito din po Miss @Estrada21Karla pagsabihan nyo.  #IskoMoreno  #LeniRobredo #MannyPacquiao #PingLacson #BongbongMarcos  https://t.co/8kfWXrExfb,"['iskomoreno', 'lenirobredo', 'mannypacquiao', 'pinglacson', 'bongbongmarcos']",https://twitter.com/MarkquisVlad/status/1506957187578724359
3/24/2022,pbbtrends_,Hey peeps! May I know sino President niyo?   #bongbongmarcos #iskomoreno #mannypacquiao #lenirobredo,"['bongbongmarcos', 'iskomoreno', 'mannypacquiao', 'lenirobredo']",https://twitter.com/PBBTrends_/status/1506935083265302530
3/24/2022,sottoernesto,"@KSWarrior4 #MannyPacquiao , you are  the People's Champ! Support #LeniRobredo in the fight against  the very face of corruption in theüáµüá≠. God bless. #LeniKikoAllTheWay","['mannypacquiao', 'lenirobredo', 'lenikikoalltheway']",https://twitter.com/SottoErnesto/status/1506919060239384577
3/24/2022,sottoernesto,"@iamkarendavila @Jimparedes #MannyPacquiao , you are  the People's Champ! Support #LeniRobredo in the fight against  the very face of corruption in theüáµüá≠. God bless. #LeniKikoAllTheWay","['mannypacquiao', 'lenirobredo', 'lenikikoalltheway']",https://twitter.com/SottoErnesto/status/1506918838373269504
3/24/2022,grazzinigray,Again calling #pinglacson #mannypacquiao  #IskoMoreno to stop your fight and support #LeniRobredo2022 #LeniRobredo #LetLeniLead thus will be your most noble act for your country #philippines,"['pinglacson', 'mannypacquiao', 'iskomoreno', 'lenirobredo2022', 'lenirobredo', 'letlenilead', 'philippines']",https://twitter.com/GrazziniGray/status/1506890528021164036
3/24/2022,rayswaggher,"Ayy gago, wag kna lng mag-aksaya ng pagud at PERA... VOTE for @lenirobredo @ericjohnsalut kna lng Bai!!! ‚úåÔ∏è @MPac_Foundation #MannyPacquiao  #CAMANAVAisPink  https://t.co/Af7JCWIjNq","['mannypacquiao', 'camanavaispink']",https://twitter.com/RaySwaggher/status/1506881911112708096
3/24/2022,chloeupdowne,@manilabulletin Manny gained my respect  for staying true to his values.   #mannypacquiao,['mannypacquiao'],https://twitter.com/ChloeUpDowne/status/1506790650058051590
3/24/2022,worldboxingnews,Manny Pacquiao praised while glorifying ‚Äòinspirational‚Äô former opponent  https://t.co/8jEqW23DZX #MannyPacquiao  https://t.co/6YvOu1WyFT,['mannypacquiao'],https://twitter.com/WorldBoxingNews/status/1506704637956612100
3/23/2022,largo_sean,"Mabuting tao, maka Dios, maka tao, maka bansa, wala na kong hahanapin pa sa Presidente ko. Iba at walang katulad ang isang #mannypacquiao üáµüá≠üáµüá≠üáµüá≠",['mannypacquiao'],https://twitter.com/largo_sean/status/1506653944566616067
3/23/2022,mikaela69197407,Yes louder pls!! What more do we need and require!! Who else deserves to win -- #MannyPacquiao  #MPtayo #9SaBalota,"['mannypacquiao', 'mptayo', '9sabalota']",https://twitter.com/Mikaela69197407/status/1506651437798879232
3/23/2022,daddysgirlph,Such a pity to see #MannyPacquiao‚Äôs downward spiral üòî,['mannypacquiao'],https://twitter.com/DaddysGirlPH/status/1506647076838723585
3/23/2022,daddysgirlph,The effects of being punched in the head for decades ü•ä is now clearly manifesting in #MannyPacquiao  https://t.co/hg6dloCN52,['mannypacquiao'],https://twitter.com/DaddysGirlPH/status/1506645825073868800
3/23/2022,0812darkangel,"Kung botante ka, huwag puro fake news and spliced videos ang sini-share mo. Share mo din achievements at plataporma ng kandidato mo malay mo mahikayat mo pa yung mga undecided.  #Halalan2022 #lenirobredo #BBM #iskomoreno #pinglacson #mannypacquiao #pilipinas","['halalan2022', 'lenirobredo', 'bbm', 'iskomoreno', 'pinglacson', 'mannypacquiao', 'pilipinas']",https://twitter.com/0812darkangel/status/1506488030521008128
3/23/2022,worldboxingnews,Manny Pacquiao on course to LOSE Philippines Presidential election bid  https://t.co/RL53ueTHnb #MannyPacquiao  https://t.co/KaHyJTejel,['mannypacquiao'],https://twitter.com/WorldBoxingNews/status/1506337114539147273
3/22/2022,miriamgracego,"Presidential bet #MannyPacquiao @rapplerdotcom this evening.   He answers light questions in this video: what he watches on Netflix, how he bonds with his kids, etc.   Before that, he fielded the hard questions w/ @mariaressa. Airing soon! #PHVote #WeDecide #PHVotePacquiao","['mannypacquiao', 'phvote', 'wedecide', 'phvotepacquiao']",https://twitter.com/miriamgracego/status/1506280844301946890
3/22/2022,worldboxingnews,Floyd Mayweather tops Manny Pacquiao and Mike Tyson on Pay Per View  https://t.co/fqiyawREN1 #FloydMayweather #MikeTyson #MannyPacquiao  https://t.co/nNzO5lzJAZ,"['floydmayweather', 'miketyson', 'mannypacquiao']",https://twitter.com/WorldBoxingNews/status/1506276097469599756
3/22/2022,2anna_kin2,This üëá @iampinglacson #mannypacquiao @sotto_tito @LukeEspirituPH @IskoMoreno  https://t.co/YPz3mYOv0D,['mannypacquiao'],https://twitter.com/2Anna_kin2/status/1506252936040484864
3/22/2022,romelomanalo,If PDP laban endorse #BBMSara   time for #MannyPacquiao to support #VPLENI,"['bbmsara', 'mannypacquiao', 'vpleni']",https://twitter.com/romelomanalo/status/1506143334032683008
3/22/2022,queenclaireg,Kayo na lang ni Lenlen.  SAME LEVEL.üå∫üå∫üå∫  #Halalan2022  #Elections2022  #MannyPacquiao #Leni  https://t.co/heSDGeKrPi,"['halalan2022', 'elections2022', 'mannypacquiao', 'leni']",https://twitter.com/queenclaireg/status/1506130683873222659
3/22/2022,philheadlines,Paquiao pushes for P50K minimum wage for frontliners  #Eleksyon2022 #MannyPacquiao #news  READ HERE:  https://t.co/PYa1JJ1yBM  https://t.co/4xR2CQsKFc,"['eleksyon2022', 'mannypacquiao', 'news']",https://twitter.com/Philheadlines/status/1506128233351233540
3/22/2022,babybluered17,"#LeniRobredo #IskoMoreno #MannyPacquiao, the SMNI debate will be atnded by professionals and real panelist from different sectors. Its n opportunity to showcase your brains ""platforms"" don't tell me you will not attend. I thought a real leader will show up during difficult times.","['lenirobredo', 'iskomoreno', 'mannypacquiao']",https://twitter.com/babyBlueRed17/status/1506125818350632961
3/22/2022,babybluered17,#LeniRobredo #IskoMoreno #MannyPacquiao are you not going to attend the SMNI debate this coming March 26? I thought you want BBM to show up. He will attend the debate how about you? Don't tell me that you are part of mediocre? Are you really SMART?,"['lenirobredo', 'iskomoreno', 'mannypacquiao']",https://twitter.com/babyBlueRed17/status/1506124824308977667
3/28/2022,atelhab,"#BBM ‚ù§Ô∏èüíö #LACSONü§çüíô #PACQUIAOüíô‚ù§Ô∏è #DOMAGOSOü§ç #ROBREDOüíó  kahit sino sa kanila ang presidente mo, MAHAL parin kita. PILIPINO parin tayong lahat pagkatapos ng May 9 üòä","['bbm', 'lacson', 'pacquiao', 'domagoso', 'robredo']",https://twitter.com/atelhab/status/1508326741109981191
3/28/2022,persicanterd,üôÇ #DuterteLegacy #Duterte #BBM #ISKO #Pacquiao #Leni #Lacson  https://t.co/EkHiz8DxaB,"['dutertelegacy', 'duterte', 'bbm', 'isko', 'pacquiao', 'leni', 'lacson']",https://twitter.com/persicanterd/status/1508269829580488707
3/28/2022,francis_medina_,"Natatawa ako sa bagong script ng mga #BBM supporters.   ""Ikaw na lang ang kulang/hinihintay para makulong sila. Sampahan mo na ng kaso.""   Hahahaha!!!   #Halalan2022 #LacsonSotto2022 #LacsonSottoTayo #LeniKiko2022 #BBMSaraUNITEAM #isiPINGmabuti #AngatBuhayLahat #Isko #Pacquiao","['bbm', 'halalan2022', 'lacsonsotto2022', 'lacsonsottotayo', 'lenikiko2022', 'bbmsarauniteam', 'isipingmabuti', 'angatbuhaylahat', 'isko', 'pacquiao']",https://twitter.com/francis_medina_/status/1508222542594523140
3/26/2022,boostjockster,"#UFC's Dana White @SHOBoxing ""Bob Arum FIXED Bradley Fight to Stall #Pacquiao vs #Mayweather"" -  https://t.co/eSt0xhwUtw","['ufc', 'pacquiao', 'mayweather']",https://twitter.com/boostjockster/status/1507451049514512384
3/26/2022,blqmgck,#Pacquiao #StephBetter #Pancit #Turon #KareKare,"['pacquiao', 'stephbetter', 'pancit', 'turon', 'karekare']",https://twitter.com/BlqMgck/status/1507446771760336898
3/25/2022,persicanterd,mejo hilas sa part mag two joints sabay ‚Äúno panic it‚Äôs organic‚Äù sabay pina kurog sa lips #isko #bbm #leni #pacquiao #lacson  https://t.co/GV6pgKyt1M,"['isko', 'bbm', 'leni', 'pacquiao', 'lacson']",https://twitter.com/persicanterd/status/1507273702655729668
3/25/2022,boxing_habit,Mayweather's kids taking napsüò¥ #Mayweather #ConorMcGregor #Pacquiao #Boxing #UFC #MMA  https://t.co/bgmbhzaJc9,"['mayweather', 'conormcgregor', 'pacquiao', 'boxing', 'ufc', 'mma']",https://twitter.com/boxing_habit/status/1507192248244473856
3/25/2022,francis_medina_,"Pwede kayang sumakay kapag di #kakampink? üòÜ Magkano kaya magiging pamasahe ng mga #BBM supporters dito? Magkano naman kapag kaming mga #Lacson, #Isko, #Pacquiao at #KaLeody supporters ang sumakay? üòÜ‚úåÔ∏è  https://t.co/UNIlWS1zXg","['kakampink', 'bbm', 'lacson', 'isko', 'pacquiao', 'kaleody']",https://twitter.com/francis_medina_/status/1507189414430396418
3/24/2022,apsyculsoc,"On 4/2/22, Joseph S. Reynoso presents  ""Manny Pacquiao and the limits of identity under empire""   https://t.co/SnR7zGemZb @APsyCulSoc #Pacquiao #psychoanalysis","['pacquiao', 'psychoanalysis']",https://twitter.com/APsyCulSoc/status/1506791737972383745
3/23/2022,truth_19_,„Éë„ÉÉ„Ç≠„É£„Ç™„ÅØÂ§ßÁµ±È†òÈÅ∏„Å´Ë≤†„Åë„Çã„Çâ„Åó„ÅÑ‚Ä¶ ‰ø∫„Éë„ÉÉ„Ç≠„É£„Ç™„Åó„ÅãÁü•„Çâ„Å™„ÅÑ„Åã„ÇâÊÇ≤„Åó„ÅÑ‚Ä¶ „Éë„ÉÉ„Ç≠„É£„Ç™‰∏ç‰∫∫Ê∞ó‚Ä¶„Éë„ÉÉ„Ç≠„É£„Ç™‚Ä¶  #Pacquiao ‚Ä¶  https://t.co/Y0TGNoGi01,['pacquiao'],https://twitter.com/truth_19_/status/1506526718676602881
3/23/2022,allain_z,@marortoll @IskoMoreno @lenirobredo #lacson #pacquiao @LeodyManggagawa hahaha!,"['lacson', 'pacquiao']",https://twitter.com/allain_z/status/1506516220824420352
3/23/2022,persicanterd,üñê me. dire ta ky walay dudang buotan hantod karon wa ghapon mi tv siguradong matagaan ngyd mi #bbm #leni #pacquiao  https://t.co/bO4oZZuv26,"['bbm', 'leni', 'pacquiao']",https://twitter.com/persicanterd/status/1506385303950356482
3/23/2022,boxeotelemundo,"üî• ¬°BACK TO WORK!   üí™ Despu√©s de su victorioso debut, Emmanuel Pacquiao Jr. volvi√≥ a darle duro a los entrenamientos   (üìπ V√≠a pacquiaoemmanuel)  #emmanuelpacquiao #pacquiao #boxeo #box #boxing  https://t.co/hWlmxVfU6L","['emmanuelpacquiao', 'pacquiao', 'boxeo', 'box', 'boxing']",https://twitter.com/BoxeoTelemundo/status/1506365089124950020
3/23/2022,rustydgaf,#pacquiao may sira na ulo mo !!! samali ka muna sa smni debate bago ka mag putak !,['pacquiao'],https://twitter.com/rustydgaf/status/1506344523475353600
3/22/2022,theyangg25,@__francea #Pacquiao,['pacquiao'],https://twitter.com/Theyangg25/status/1506156993265893379
3/22/2022,tanonbltopics,Ang nakakalungkot na pangyayari ngayon sa Pilipinas: 1. Mga kawatan nagkaisa para sa kanilang personal na interes. 2. Grupo ng oposisyon watak-watak dahil sa personal na interes  Lord pls! #pacquiao #IskoMoreno  #LeniRobredo  #Lacson #KaLeody,"['pacquiao', 'iskomoreno', 'lenirobredo', 'lacson', 'kaleody']",https://twitter.com/tanonBLtopics/status/1506129679673356291
3/22/2022,inkheartearl,8 % hinahamon ang 60%? Eh di wow. Bka dapat si leni or isko ang dapat  hamunin mo #pacquiao tutal mas malapit ang ratings nyo. Char  https://t.co/KZGIoPoqmf,['pacquiao'],https://twitter.com/InkHeartEarl/status/1506084770383822850
3/22/2022,chatzkee78,"Sa totoo lang, sigurado akong mas malinis ang motibo at plano ni sen.Paquiao kesa kay BabyM. #BBM #BbmDuwag #Pacquiao #LetLeniLead  https://t.co/9drFV1NpeJ","['bbm', 'bbmduwag', 'pacquiao', 'letlenilead']",https://twitter.com/chatzkee78/status/1506060150745956353
3/28/2022,xdkyjz,Well said. Hope everyone find time to read this long post.   #UniteamBBMSARA #LeniKiko2022 #SwitchToIsko #ForGodAndCountry #LacsonSottoPanaloTayo  https://t.co/fTrCJ9WzS2,"['uniteambbmsara', 'lenikiko2022', 'switchtoisko', 'forgodandcountry', 'lacsonsottopanalotayo']",https://twitter.com/xdkyjz/status/1508124535828017152
3/28/2022,theflybrian,I‚Äôm going to rekindle the fervor of 2017 ! üôåüî• LOOK AROUND! There Are More Of US THAN THEM QARMY Anons NO MORE!  #Q #ComingToLight  #TOGETHER #WEHaveTheTruth  #ForGodandCountry  #UniteQArmy,"['q', 'comingtolight', 'together', 'wehavethetruth', 'forgodandcountry', 'uniteqarmy']",https://twitter.com/TheFlyBrian/status/1508117827848450061
3/27/2022,ronmunsayac,Walang hakot. Walang kulay dahil lahat ng Pilipino ay panalo kay @MannyPacquiao.  üáµüá≠  Naniniwala tayong lahat na may pag-asa pa ang Pilipinas na umasenso muli.  #PanaloangPilipino #ForGodAndCountry #MannyPacquiaoForPresident2022  https://t.co/aexOoHwTif,"['panaloangpilipino', 'forgodandcountry', 'mannypacquiaoforpresident2022']",https://twitter.com/RonMunsayac/status/1507964347049738244
3/26/2022,chaplaingary1,Graduate School stops for no one; even when your 10 hours away from home in a hotel and assigned to an Army course. Blessed to have a quiet Saturday to study while i work on weekend laundry. #ChaplainLife #ForGodAndCountry #AlabamaNG  #OERBullet #ConflictResolution #RollTideRoll  https://t.co/IAqOrwgjNI,"['chaplainlife', 'forgodandcountry', 'alabamang', 'oerbullet', 'conflictresolution', 'rolltideroll']",https://twitter.com/ChaplainGary1/status/1507745237527109637
3/26/2022,jeffriesconrad,"üá∫üá∏ The cause is bigger than me, so I fight on üèÉ‚Äç‚ôÇÔ∏èüíØ It‚Äôs already ‚úçÔ∏è  #veteran #activeduty #suicide #solutions #forgodandcountry  https://t.co/JE4KOpVwl4","['veteran', 'activeduty', 'suicide', 'solutions', 'forgodandcountry']",https://twitter.com/JeffriesConrad/status/1507744841563746306
3/26/2022,mavunokiamburd,"Visitors bring us joy! Thank you Pastor Rocky for gracing us with your presence last Sunday.  Be our guest this Sunday as we wrap up March's sermon series #ForGodAndCountry, at @moranloungenairobi Kwaheri road off Kiambu road, from 10.30am to 12 noon.  #MavunoChurchKiambuRoad  https://t.co/nMeLGoj89e","['forgodandcountry', 'mavunochurchkiamburoad']",https://twitter.com/MavunoKiambuRd/status/1507720765441036293
3/26/2022,lowcountrybk,Hearing Dr. Alveda King speak last night reminded me of one thing and one thing only. We are all God's children + we MUST be kind. #FromTheWombToTheTomb #DrAlvedaKing #FightTogether #OneNationUnderGod #ForGodAndCountry #PeaceBeWithYou #AndAlsoWithYou 4Ô∏è‚É£‚úùÔ∏è‚ûïüá∫üá∏ @NewHanoverGOP  https://t.co/cwi12OrnKV,"['fromthewombtothetomb', 'dralvedaking', 'fighttogether', 'onenationundergod', 'forgodandcountry', 'peacebewithyou', 'andalsowithyou']",https://twitter.com/LowCountryBK/status/1507715118045569036
3/26/2022,ronmunsayac,ATM: Sen. @MannyPacquiao attending Fiscal Management class. The People's Champion is currently taking Masters in Public Administration in the Philippine Christian University.  #LearningNeverStops #ForGodAndCountry  https://t.co/YKxGag4GXV,"['learningneverstops', 'forgodandcountry']",https://twitter.com/RonMunsayac/status/1507648299788304391
3/26/2022,drprinceharmah,"Kudos to the Ghana Black Stars for a solid performance full of heart and skill. Even though we did not win, we are in a good position to finish the tie in the second leg. Come on @GhanaBlackstars!   #forGodandCountry  #DPHA  #BlackStars  https://t.co/bToIPKJ8Az  https://t.co/nikIn4vgeN","['forgodandcountry', 'dpha', 'blackstars']",https://twitter.com/drprinceharmah/status/1507484994360561664
3/26/2022,usairl2022,MEDAL OF HONOR DAY #MOH #ChaplainCorps #ReligiousAffairs #ForGodAndCountry  https://t.co/TlI8S3LKQk,"['moh', 'chaplaincorps', 'religiousaffairs', 'forgodandcountry']",https://twitter.com/usairl2022/status/1507440666560839686
3/26/2022,usairl2022,MEDAL OF HONOR DAY #MOH #ChaplainCorps #ReligiousAffairs #ForGodAndCountry  https://t.co/ryjoifQkyc,"['moh', 'chaplaincorps', 'religiousaffairs', 'forgodandcountry']",https://twitter.com/usairl2022/status/1507440587611508743
3/26/2022,usairl2022,MEDAL OF HONOR DAY #MOH #ChaplainCorps #ReligiousAffairs #ForGodAndCountry  https://t.co/o0esxoduse,"['moh', 'chaplaincorps', 'religiousaffairs', 'forgodandcountry']",https://twitter.com/usairl2022/status/1507440482141364224
3/26/2022,usairl2022,MEDAL OF HONOR DAY #MOH #ChaplainCorps #ReligiousAffairs #ForGodAndCountry  https://t.co/ZWPo4Xr4Dk,"['moh', 'chaplaincorps', 'religiousaffairs', 'forgodandcountry']",https://twitter.com/usairl2022/status/1507433869007597569
3/26/2022,iamobroniba,Eei Sister Hannah üòÇü§£üòÇ. For God and Country ampa üòÇ #GhanaVsNaija #ForGodAndCountry  https://t.co/uRWsMI6Xvl,"['ghanavsnaija', 'forgodandcountry']",https://twitter.com/IamObroniBa/status/1507423238204411905
3/26/2022,qwequbezaleel,For the love of the Game? #ForGodAndCountry  https://t.co/y5A9FMHKI3,['forgodandcountry'],https://twitter.com/QwequBezaleel/status/1507417760380334085
3/26/2022,usairl2022,MEDAL OF HONOR DAY #MOH #ChaplainCorps #ForGodAndCountry  https://t.co/S5gCGYgTiA,"['moh', 'chaplaincorps', 'forgodandcountry']",https://twitter.com/usairl2022/status/1507404772378296344
3/26/2022,usairl2022,MEDAL OF HONOR DAY #MOH #ChaplainCorps #ForGodAndCountry  https://t.co/NxtaWPbUZS,"['moh', 'chaplaincorps', 'forgodandcountry']",https://twitter.com/usairl2022/status/1507404675649351690
3/26/2022,usairl2022,MEDAL OF HONOR DAY #MOH #ChaplainCorps #ForGodAndCountry  https://t.co/8Sl59V3f4X,"['moh', 'chaplaincorps', 'forgodandcountry']",https://twitter.com/usairl2022/status/1507399828304764979
3/26/2022,usairl2022,MEDAL OF HONOR DAY #MOH #ChaplainCorps #ForGodAndCountry  https://t.co/uFe07npxwk,"['moh', 'chaplaincorps', 'forgodandcountry']",https://twitter.com/usairl2022/status/1507399266070896640
3/26/2022,drprinceharmah,You hold the hope of a nation in your hands. The nation holds you in our hearts. We are solidly behind you and we believe you will make us proud.  Go Ghana @GhanaBlackstars!  #forGodandCountry #DPHA  #BlackStars  https://t.co/hXKtiTju19,"['forgodandcountry', 'dpha', 'blackstars']",https://twitter.com/drprinceharmah/status/1507395189060608065
3/25/2022,ronmunsayac,"Maraming salamat po, Isabela! Tuloy ang laban para kinabukasan ng bayan!  9 @MannyPacquiao for President 1 @lito_atienza for Vice President 8 @pdpcares for Partylist 7 Barbo for Senator  #ForGodAndCountry üáµüá≠  https://t.co/XjcCVAsTmQ",['forgodandcountry'],https://twitter.com/RonMunsayac/status/1507219034676547594
3/25/2022,chaplaingary1,"Salute the flag and just keep marching, Soldier.  The Lord has you- Psalm 63. #ChaplainLife #ForGodAndCountry #ThePalaceAndTheCave #AlabamaNG  https://t.co/NavsMOYNCQ","['chaplainlife', 'forgodandcountry', 'thepalaceandthecave', 'alabamang']",https://twitter.com/ChaplainGary1/status/1507040040807026690
3/25/2022,3_mrb_usarec,#MarchtoService #ArmyChaplain #ForGodAndCountry  https://t.co/Rn8X12Ktv5,"['marchtoservice', 'armychaplain', 'forgodandcountry']",https://twitter.com/3_MRB_USAREC/status/1507039565911056390
3/24/2022,6thmrb,Pro Deo et Patria | For God and Country  #MarchtoService | #ArmyChaplain | #ForGodAndCountry  https://t.co/1OuBOxZHW5,"['marchtoservice', 'armychaplain', 'forgodandcountry']",https://twitter.com/6thMRB/status/1506979168025776128
3/24/2022,benjaminakakpo3,The #AMShow promises nothing but #ExcitementAndFireworks as we get into Ghana‚Äôs planned #EconomicReforms as we hear from the #FinanceMinister today. We shall also look at the Covid-19 #TestingRegime at the #KIA and what changes are needed.  Join us - #ForGodAndCountry!üí™üèæüá¨üá≠üî•‚úåüèæüôåüèæ  https://t.co/lZWAs1qmPt,"['amshow', 'excitementandfireworks', 'economicreforms', 'financeminister', 'testingregime', 'kia', 'forgodandcountry']",https://twitter.com/BenjaminAkakpo3/status/1506878753452048384
3/24/2022,drprinceharmah,"The donated items were received by the EKMA Municipal Director of Education, Mrs Catherine Biney at the EKMA premises. I believe these items will be effectively managed to improve education delivery in the Kwesimintsim Constituency.   #forGodandCountry #Kwesimintsim  #DPHA 3/3","['forgodandcountry', 'kwesimintsim', 'dpha']",https://twitter.com/drprinceharmah/status/1506716163732119561
3/23/2022,wahabu_pharouk,üá¨üá≠GHANA Month üá¨üá≠Black Stars Week  Let‚Äôs all come together and in our numbers to support Our dear Teamüá¨üá≠  I will be there to support my brothers so that we make history together. Don't miss out this Friday - 7pm  @BabaYaraSportsStadium #Bringbackthelove  #ForGodandCountry  https://t.co/AxQjLopp58,"['bringbackthelove', 'forgodandcountry']",https://twitter.com/wahabu_pharouk/status/1506621764427730947
3/23/2022,danlad_ibrahim,üá¨üá≠GHANA Month üá¨üá≠Black Stars Week  Let‚Äôs all come together and in our numbers to support Our dear Teamüá¨üá≠   I will be there to support my brothers so that we make history together. Don't miss out this Friday - 7pm @BabaYaraSports Stadium  #Bringbackthelove  #ForGodandCountry #üá¨üá≠1st  https://t.co/sbPiiMy5VY,"['bringbackthelove', 'forgodandcountry']",https://twitter.com/danlad_ibrahim/status/1506606312532160516
3/23/2022,jeffriesconrad,üá∫üá∏ Refuses to stay down ‚úçÔ∏è #warrior #veteran #activeduty #nationalguard #suicide #solutions #forgodandcountry  https://t.co/QDrXoUNdfg,"['warrior', 'veteran', 'activeduty', 'nationalguard', 'suicide', 'solutions', 'forgodandcountry']",https://twitter.com/JeffriesConrad/status/1506598709437497355
3/23/2022,samdenno,"Dear God, I pray for such lasting friendships. And that we all win and win big together. #ForGodAndCountry #NowFaith üôèüèæ","['forgodandcountry', 'nowfaith']",https://twitter.com/Samdenno/status/1506546216854827014
3/23/2022,coriencio,@JudithA30279867 God bless you and your grandchildren!!  God wins in the end.  #ForGodandCountry,['forgodandcountry'],https://twitter.com/coriencio/status/1506522199926050820
3/23/2022,kwameforson14,#AberdeenFamily #forGodandCountry,"['aberdeenfamily', 'forgodandcountry']",https://twitter.com/kwameforson14/status/1506404698097688583
3/23/2022,drprinceharmah,"I look forward to this Lecture, and I am proud of him for his patriotic contributions towards the development of our motherland.   #forGodandCountry  #Kwesimintsim  #DPHA  3/3","['forgodandcountry', 'kwesimintsim', 'dpha']",https://twitter.com/drprinceharmah/status/1506365688205783054
3/23/2022,chaplaingary1,There's nothing better than reconnecting in training with Chaplains who have walked together with you throughout your career.  It's wonderful to be with these Brothers again.  CHBOLC 17-001 #Chaplainlife #GodsCall #ForGodAndCountry  https://t.co/Fg9eXGd73k,"['chaplainlife', 'godscall', 'forgodandcountry']",https://twitter.com/ChaplainGary1/status/1506365116438175756
3/22/2022,thejamessenyo,‚ÄúAnywhere there is a counterfeit is because there is a Real One‚Äù  ~ Pastor Enoch (CEYC)   #EPSULASHIBIDINNER  #AChargeToKeepIHave üôèüèº #ForGodandCountry üá¨üá≠  Ronaldo  Blackstars  Leadership  Impact  https://t.co/D6EQQeOhX7,"['epsulashibidinner', 'achargetokeepihave', 'forgodandcountry']",https://twitter.com/thejamessenyo/status/1506241345601556489
3/22/2022,benjaminakakpo3,It‚Äôs #AMShow time! Join us and let‚Äôs discourse on those matters #CrucialToYou! Also catch all the #LIVEAction from the #GraphicStanbicBreakfastMeeting.  Let‚Äôs do this - #ForGodAndCountry!üí™üèæüá¨üá≠‚úåüèæüôåüèæ  #JoyNews #AMShow  https://t.co/BNawCHRITU,"['amshow', 'crucialtoyou', 'liveaction', 'graphicstanbicbreakfastmeeting', 'forgodandcountry', 'joynews', 'amshow']",https://twitter.com/BenjaminAkakpo3/status/1506151982062571520
3/22/2022,jeffriesconrad,üá∫üá∏ üöÇ #veteran #activeduty #nationalguard #reserve #suicide  #SOLUTIONS  #forgodandcountry #nda  https://t.co/m2iQ4rbQAT,"['veteran', 'activeduty', 'nationalguard', 'reserve', 'suicide', 'solutions', 'forgodandcountry', 'nda']",https://twitter.com/JeffriesConrad/status/1506107847641247747
