"","date","username","tweet","hashtags","link"
"1","2/22/2022","boostjockster","s dana white  bob arum fixed bradley fight to stall  vs   ","['ufc', 'pacquiao', 'mayweather']","https://twitter.com/boostjockster/status/1495869833338142723"
"2","2/22/2022","evoluamente","   and other   superstar s waiting for you ","['pacquiao', 'brucelee', 'silva', 'nfl', 'nba', 'nft']","https://twitter.com/Evoluamente/status/1495811616205688837"
"3","2/21/2022","pacquiaomichael","<U+FE0F> update <U+FE0F>  ~ duration ~  start february 25 2022 713 am  end march 27 2022 713 am  starting price $10000 in eth   after the duration this will be sold to the highest bidder <U+FE0F><U+0001F440><U+0001F525> goodluck         ","['giveaways', 'nft', 'eth', 'fighterofthedecade', 'pacquiao', 'crypto', 'blockchain']","https://twitter.com/PacquiaoMichael/status/1495738379606052865"
"4","2/21/2022","ifmdagupannews","sino ba sa tingin mo idol ang dapat mamayagpag sa may 9 halalan 2022 sino ba sa kanila ang karapatdapat na manalo         ","['halalan2022', 'pacquiao', 'marcos', 'robredo', 'lacson', 'deguzman', 'moreno', 'ifmdagupan']","https://twitter.com/ifmdagupanNEWS/status/1495549380560310272"
"5","2/20/2022","globallawmedia","like share and follow  for more legal education          ","['manny', 'pacquiao', 'success', 'motivation', 'optimistic', 'boxing', 'boxer']","https://twitter.com/globallawmedia/status/1495413308173684736"
"6","2/20/2022","imharvieamerol","who do you want to be president in the coming election 2022         ","['halalan2022', 'elections2022', 'bbm', 'lenirobredo', 'iskomoreno', 'pacquiao', 'president', 'bilangpilipino2022', 'phvote']","https://twitter.com/imharvieamerol/status/1495217115678208002"
"7","2/19/2022","boostjockster","s dana white  bob arum fixed bradley fight to stall  vs   ","['ufc', 'pacquiao', 'mayweather']","https://twitter.com/boostjockster/status/1494782720450330626"
"8","2/18/2022","toughlove48","this is why im against build back better leni robredo  the great reset s puppet candidate will bring this to our doorstep too wake up filipinos            ","['canadahasfallen', 'halalan2022', 'bbm', 'iskomoreno', 'ping', 'pacquiao']","https://twitter.com/toughlove48/status/1494675517135470595"
"9","2/18/2022","gdjjbkgdhk","<U+30D1><U+30C3><U+30AD><U+30E3><U+30AA><U+30E9><U+30B9><U+30C8><U+30DE><U+30C3><U+30C1><U+304C>wowow<U+3067><U+898B><U+3089><U+308C><U+308B><U+306E><U+306F>220<U+307E><U+3067><U+3060><U+3088>    ","['wowow', 'pacquiao']","https://twitter.com/gdjjbkgdhk/status/1494630805368639491"
"10","2/18/2022","boxing_habit","thats right<U+0001F60E> mayweather gt pacquiao   ","['mayweather', 'pacquiao']","https://twitter.com/boxing_habit/status/1494538381845356545"
"11","2/18/2022","looptify","whats in your pacquiao collection  legacy amp gods warrior tees  are available at ","['pacquaiolegacy', 'pacquiaoforpresident', 'pacquiao', 'beapartofthelegacy']","https://twitter.com/looptify/status/1494399341141757957"
"12","2/17/2022","ismaeelrn"," boxing icon presidential candidate manny  says he will welcome an international probe into president rodrigo dutertes war on drugs if elected and promised to fight narcotics the right way with due process not street shootings  ","['philippines', 'pacquiao']","https://twitter.com/ismaeelrn/status/1494211569860980737"
"13","2/22/2022","cardinalhayes","happy presidents day from cardinal hayes high school   ","['uphayes', 'forgodandcountry']","https://twitter.com/CardinalHayes/status/1495803298070384649"
"14","2/21/2022","chaplaingary1","this weeks  contains proof that my quiver is full as i spend the day with the family  enjoy your holiday      ","['mondayministryminute', 'chaplainlife', 'psalms', 'findingbalance', 'alabamang', 'forgodandcountry']","https://twitter.com/ChaplainGary1/status/1495779179920609283"
"15","2/21/2022","armychaplains","this  pray for our country pray for our leaders and pray for our chaplain corps that we may continue to deliver likekind ministries as this chaplain did with washington at valley forge   |  |  ","['presidentsday', 'forgodandcountry', 'livethecall', 'armychaplaincorps']","https://twitter.com/ArmyChaplains/status/1495714930821058563"
"16","2/21/2022","mumbashungu","","['forgodandcountry']","https://twitter.com/MumbaShungu/status/1495651378387197953"
"17","2/21/2022","benjaminakakpo3","welcome to  on the  we bring you  why miss out join us  <U+0001F4AA><U+0001F3FE><U+0001F1EC><U+0001F1ED><U+0001F64C><U+0001F3FE>    ","['monday', 'amshow', 'themostcompellingconversations', 'forgodandcountry', 'joynews', 'amshow']","https://twitter.com/BenjaminAkakpo3/status/1495640907361787905"
"18","2/21/2022","thelightinthis1","notso christian karen       ","['forgodandcountry', 'christian', 'jesus', 'bible', 'abortionban', 'abortion']","https://twitter.com/TheLightInThis1/status/1495611654473662471"
"19","2/21/2022","justmelindakay","i will use my voice my means and my life fighting that the future of our grandchildren is an intact with freedom    ","['godsaveourland', 'americafirst', 'forgodandcountry']","https://twitter.com/JustMeLindaKay/status/1495564574204076034"
"20","2/21/2022","tobebote2","  im brave enough to stand on what i believed is right          ","['marcosmagnanakaw', 'familylove', 'forgodandcountry', 'allthebest', 'wevoteph', 'wedecideforleni2022', 'halalanph2022', 'votewisely', 'endpoliticaldynastiesph', 'notomarcosjrandsaraduterte2022', 'defenddemocracy']","https://twitter.com/ToBebotE2/status/1495494407742705668"
"21","2/28/2022","mpac_foundation","we accept cryptocurrency  donate today <U+0001F449> ","['pacquiaofoundation', 'mannypacquiao', 'mannyscorner']","https://twitter.com/MPac_Foundation/status/1498275792597491717"
"22","2/28/2022","ibanez_joson"," i love christian leader <U+0001F60D> i will go for ","['mannypacquiao']","https://twitter.com/ibanez_joson/status/1498270206137110529"
"23","2/28/2022","vincentrist","sa daming lumabas na survey ngayon para sa election nainterview ka na ba ni minsan     ","['lenikikoalltheway', 'iskomoreno', 'bbmforpresident', 'pinglacsonismypresident', 'mannypacquiao']","https://twitter.com/vinCENTrist/status/1498261399612825603"
"24","2/28/2022","ebotoph","  ","['mannypacquiao', '10robredoforpresident']","https://twitter.com/eBotoPH/status/1498247118339059717"
"25","2/28/2022","ebotoph","   ","['iskomoreno', 'mannypacquiao', '10robredoforpresident']","https://twitter.com/eBotoPH/status/1498243869527670784"
"26","2/28/2022","bosswaziky","     ","['bento', 'luisa', 'derya', 'mannypacquiao']","https://twitter.com/bosswaziky/status/1498218974559019010"
"27","2/28/2022","paolo60492975","panahon na para mag kaisa ang sambayanang pilipino edsa 3 kontra sa kahirapan hindi edsa 3 kontra sa nakaupo sa malacanang or mauupo sa malacanang        ","['bbmsara2022', 'letlenilead2022', 'lacsonsotto2022', 'mannypacquiao', 'iskomoreno']","https://twitter.com/Paolo60492975/status/1498176170806104064"
"28","2/28/2022","paolo60492975","hindi kelangan hilahin pababa kung sinoman ang nakaupo instead supportahan ito or gumawa ka ng sarili mong paraan para di makapagpabigat sa bayad hindi paraan para kalabanin ang isang tao        ","['bbmsara2022', 'letlenilead2022', 'lacsonsotto2022', 'mannypacquiao', 'iskomoreno']","https://twitter.com/Paolo60492975/status/1498175509846720512"
"29","2/28/2022","paolo60492975","then leading dapat si kakampink leni impossible naman na ung 56m marcos lahat yan and sure ako na lahat ng 22m possibleng kakampink dahil sa masalimuot na dinanas nila sa panahon ng mga marcos      ","['bbmsara2022', 'letlenilead2022', 'iskomoreno', 'mannypacquiao', 'lacsonsotto2022']","https://twitter.com/Paolo60492975/status/1498175106220462086"
"30","2/28/2022","paolo60492975","ph demographics last 2020 ages 18 to 44 = 52m  did not experience at all or too young to remember the marcos regime   ages 45 to 74 = 22m  firsthand experience of marcos regime       ","['bbmsara2022', 'letlenilead2022', 'iskomoreno', 'mannypacquiao', 'lacsonsotto2022']","https://twitter.com/Paolo60492975/status/1498174785075179520"
"31","2/28/2022","delacruzjubz","if only manny can speak fluently his thoughts still thank you sir for your genuine heart from boxing to govt service you always carry the flag of the country ","['mannypacquiao']","https://twitter.com/DelacruzJubz/status/1498117368211701767"
"32","2/28/2022","joazkuizon","wala pa ba yung mga nice lahat sila nakamask memes for this photo hahahaha char lang manny<U+0001F923>      ","['10robredoforpresident', 'ipanalona10to', 'leniforpresident2022', 'mannypacquiao']","https://twitter.com/joazkuizon/status/1498117271964708865"
"33","2/28/2022","mjpascual08","  ang mga botante ni     malinaw na makakapagdecision kung sino ang iboboto bukas ang mga mata namin hindi kami nagpabudol sa magnanakawsinungalingwalang diplomalaki sa nakaw","['lenirobredo', 'iskomoreno', 'pinglacson', 'mannypacquiao', 'cnnpresidentialdebate']","https://twitter.com/mjpascual08/status/1498108258241769474"
"34","2/28/2022","thebubzlife","to my filipino community koanny pacman ahahaha  ","['mannypacquiao', 'nft']","https://twitter.com/thebubzlife/status/1498076379254079497"
"35","2/28/2022","blizzard14","yung pinupuri mo ang lgbtq+ community pero samesex union hindi mo pa maibigay sa amin <U+0001F644><U+0001F644><U+0001F644><U+0001F644>  kaya hindi ikaw iboboto ko homophobic ka kasi ever since  ","['mannypacquiao']","https://twitter.com/blizzard14/status/1498047346113875970"
"36","2/28/2022","brotherpacman"," ","['mannypacquiao']","https://twitter.com/BrotherPacman/status/1497978208846639105"
"37","2/28/2022","brotherpacman"," ","['mannypacquiao']","https://twitter.com/BrotherPacman/status/1497977946178408450"
"38","2/28/2022","gelsantosrelos","yes  fired up and throwing punches for  as the best candidate we can count on to lead the country prayer niya yan sa diyos para sa ating bayan     ","['mannypacquiao', 'lenirobredo', 'cnnphpresidentialdebate', 'letleniread', 'lenikiko2022']","https://twitter.com/GelSantosRelos/status/1497972938942803970"
"39","2/27/2022","reymart30624687","manny please dont expect to win hahhaha      ","['cnnphpresidentialdebate', 'mannypacquiao', 'manny']","https://twitter.com/Reymart30624687/status/1497953331834093568"
"40","2/28/2022","elevate_life_","imagine todo debate ka sa facebook at twitter pero yung kandidato mo wala sa debate        ","['cnnpresidentialdebate', 'bbm', 'lenikiko2022', 'lacsonsotto2022', 'pacquiao']","https://twitter.com/Elevate_Life_/status/1498135616323682306"
"41","2/28/2022","camilinpinguiin","when  gets rolling it will be interesting  their quality is top notch and only big names on their           wonder who will be next  and not just they are building like no other  project ","['nfts', 'messi', 'modric', 'suarez', 'shaq', 'silva', 'pacquiao', 'nft', 'metaverse']","https://twitter.com/camilinpinguiin/status/1498074499031482370"
"42","2/27/2022","jiology","vp  sen   and sen  said a lot of good points during this ","['leni', 'lacson', 'kaleody', 'pacquiao', 'cnnpresidentialdebate']","https://twitter.com/jiology/status/1497910027390427138"
"43","2/27/2022","revelusyon"," abolish prisons establish gulags <U+0001F60D>","['pacquiao']","https://twitter.com/revelusyon/status/1497909446802276356"
"44","2/27/2022","fcktitoqc","jusko   magwithdraw kanna at inendorse mo na si ","['pacquiao', 'lenikiko2022']","https://twitter.com/FckTitoQC/status/1497904674745499649"
"45","2/27/2022","akoysijomar"," its not the case that people failed to see the evil in their partners abusive partners basically hid that part of them and abused the system so they could keep their victims in their grasp  ","['pacquiao', 'cnnphpresidentialdebate']","https://twitter.com/akoysijomar/status/1497898375542632448"
"46","2/27/2022","thekenyongf"," ok lang naman maging religious but remember that theres a separation of the state and the church puro ka faithbased","['pacquiao']","https://twitter.com/thekenyongf/status/1497897921958019073"
"47","2/27/2022","jimboism"," love the sinner hate the sin <U+2764><U+261D><U+0001F3FD><U+0001F64F><U+0001F3FD><U+271D>","['pacquiao']","https://twitter.com/jimboism/status/1497897009839161344"
"48","2/27/2022","fcktitoqc","hala ayan nananamn si  <U+0001F644><U+0001F644><U+0001F644>  ","['pacquiao', 'cnnpresidentialdebate', 'cnnpresidentialdebate2022']","https://twitter.com/FckTitoQC/status/1497896708617142272"
"49","2/27/2022","carmelazabala","part 1  todays  speaks of this time in the  history as we choose a leader in may  will you confidently entrust your life and future including your children to     or    ","['gospel', 'ph', 'marcos', 'moreno', 'lacson', 'pacquiao', 'robredo', 'phelection2022']","https://twitter.com/CarmelaZabala/status/1497780972783542276"
"50","2/27/2022","wilsonleeflores","buy amp read today feb 27 sunday  newspaper my column about senator    this is part of the 2022  presidential candidates series of     ","['pacquiao', 'philippines', 'philstar', 'election2022', 'halalan2022']","https://twitter.com/WilsonLeeFlores/status/1497752764956516353"
"51","2/28/2022","ronmunsayac","maraming salamat marikina city ipaglalaban kayo ni     ","['panaloangmahirap', 'panaloangpilipino']","https://twitter.com/RonMunsayac/status/1498235548909338627"
"52","3/7/2022","senkokopimentel","isang makabuluhang araw ng lunes para kay senator koko pimentel senator manny pacquiao at sa mga campaign leaders ng team manny pacquiao for president       ","['senatorkokopimentel', 'mannypacquiaoforpresident', 'panaloangpilipino', 'panaloangmahirap', 'manofdestiny']","https://twitter.com/senkokopimentel/status/1500825695689506817"
"53","3/15/2022","alterbabymich","nakakainis lang talaga yung ibang kakampinks na edukado kuno pero ayaw mag asal edukado please lang guys respect each others choices     ","['letlenilead2022', 'bbmsara2022', 'iskomoreno', 'mannypacquiao', 'pinglacson']","https://twitter.com/alterbabymich/status/1503466417366056964"
"54","3/15/2022","fighthubtv","the legend continues as manny pacquiao son won his first amateur fight   watch full fight here ","['boxing', 'boxingnews', 'mannypacquiao']","https://twitter.com/FightHubTV/status/1503428752499527684"
"55","3/14/2022","mpac_foundation","thanks keiffer on and off the boxing ring our founder manny pacquiao  strives to bring honor to the philippines  but we cant do what we do without you  make a difference by giving today at ","['pacquiaofoundation', 'mannypacquiao', 'mannyscorner']","https://twitter.com/MPac_Foundation/status/1503339899814301699"
"56","3/14/2022","_biyang","yung mga nag kakandidato dapat hindi rally ang inaatupag kundi issue ngayon sa ekonomiya dat ngayon palang galaw na hindi gagalaw lang kapag naka upo na  tangina kawawa mga mahihirap ngayon      ","['lenirobredo', 'bongbongmarcos', 'iskodomagoso', 'mannypacquiao', 'duterte']","https://twitter.com/_BIYANG/status/1503323164150951938"
"57","3/14/2022","grazzinigray","   mas magiging makabuluhan kung aatras na kayo at susuporta kay  ","['mannypacquiao', 'iskomoreno', 'pinglacson', 'lenirobredo2022', 'lenirobredoforpresident']","https://twitter.com/GrazziniGray/status/1503308498704117760"
"58","3/14/2022","philnews247","manny pacquiao congratulates jimuel after winning 1st amateur fight in us<U+0001F447><U+0001F929>      read ","['mannypacquiao', 'jimuelpacquiao', 'pacman', 'jinkeepacquiao', 'boxing']","https://twitter.com/PhilNews247/status/1503176002687492100"
"59","3/14/2022","boxeotelemundo","<U+0001F4AA> pacquiao con los brazos en alto   <U+0001F94A>  no dudó en felicitar a su hijo jimuel pacquiao por su triunfo durante su debut en estados unidos  <U+0001F9D0> crees que logre llevar nuevamente el apellido a lo estelares del boxeo       ","['mannypacquiao', 'pacquiao', 'box', 'boxeo', 'boxing']","https://twitter.com/BoxeoTelemundo/status/1503165022465318913"
"60","3/14/2022","yamashirola","after a long day of traininga real champion  having  with his beautiful wife ","['mannypacquiao', 'datenight']","https://twitter.com/YamashiroLA/status/1503094810311286787"
"61","3/13/2022","oshinsitter","aminin nyo na    at hindi nyo kayang tapatan ang ganitong energy at saya ng  grand rally","['marcosjr', 'pinglacson', 'iskomoreno', 'mannypacquiao', 'lenikikoteam2022']","https://twitter.com/OshinSitter/status/1503017658413105156"
"62","3/13/2022","presidentsbn","ayaw niyu ba kay idol  free din  <U+0001F602> opensea account mga lodi drop <U+0001F64F>   ","['mannypunk', 'nfts', 'mannypacquiao']","https://twitter.com/PresidentSBN/status/1502988727186079750"
"63","3/13/2022","ayemmay9","first thing i want candidates asked is   can you vouch for the integrity of everyone in your senatorial slate             ","['askpilipinasdebates', 'iskomoreno', 'lenirobredo', 'pinglacson', 'mannypacquiao', 'bongbongmarcos']","https://twitter.com/AyEmMay9/status/1502946265457258501"
"64","3/13/2022","sonteo_media","manny pacquiaos son emmanuel had an amateur fight today in san diego at the house of boxing gym in paradise hills         ","['emmanuelpacquiao', 'mannypacquiao', 'hob', 'houseofboxing', 'sandiego']","https://twitter.com/sonteo_media/status/1502825671885660165"
"65","3/13/2022","artoriasboxing","every time i workout i remember this  clip and motivates me i want to push i want to push by   original video ","['mannypacquiao']","https://twitter.com/ArtoriasBoxing/status/1502684217796349952"
"66","3/12/2022","pjeamater","to all celebrities endorsing political candidates can you help us understand by sharing your reasons why we should vote for them not just by performing on stage or using generic taglines     ","['uniteam', 'kakampinks', 'iskomoreno', 'pinglacson', 'mannypacquiao']","https://twitter.com/pjeamater/status/1502675429890527235"
"67","3/12/2022","mpac_foundation","thank you for being an inspiration and honoring your roots philip we need more of you   if you want to give back like philip please visit ","['pacquiaofoundation', 'mannypacquiao']","https://twitter.com/MPac_Foundation/status/1502621931744419845"
"68","3/12/2022","_therepublic_"," does not seem to understand that the war in  has as much value to an average american as a decent  or  match which probably brings more money than the entire  economy in 1 year  v  900m in less than 2 hours ","['zelenskyy', 'ukraine', 'mma', 'boxing', 'ukrainian', 'floydmayweather', 'mannypacquiao']","https://twitter.com/_TheRepublic_/status/1502611964580835332"
"69","3/12/2022","gracefulkiller","itong eleksiyon na to ang daming entitled bukod sa cancel the cancel culture dapat end that entitlement attitude din bakit naman sa rainbow lahat ng color samasama <U+0001F914><U+0001F602>  <U+0001F337><U+0001F339><U+0001F334><U+0001FAB4><U+0001F331><U+0001F335>       ","['lenirobredo', 'bongbongmarcos', 'pinglacson', 'iskomoreno', 'kaleody', 'mannypacquiao']","https://twitter.com/gracefulkiller/status/1502509512317550593"
"70","3/12/2022","jrjrgon","","['mplibrengpabahay', 'mannypacquiao', 'mannypacquiaoform']","https://twitter.com/JRJRGon/status/1502441988251009024"
"71","3/12/2022","nostalgiaboxing","such a memorable fight what did you think about this match        ","['elterrible', 'pacman', 'mannypacquiao', 'erikmorales', 'boxing', 'fightnight']","https://twitter.com/NostalgiaBoxing/status/1502404380879994883"
"72","3/11/2022","flipjuicychic","bakit nangnaaway ka besh <U+0001F602> please respect  supporters and supporters of other presidential candidates in fact wag kayong ganyan teh kahit saan na lang  you cant convince people to support who you want to support that way sobrang ","['mannypacquiao', 'toxic']","https://twitter.com/FlipJuicyChic/status/1502111993477562368"
"73","3/10/2022","ryderoz","wwe 2k22 manny pacquiao create a superstar boxer amp senate attire psn ryderozpin more create a superstar releases to follow soon     ","['wwe2k22', 'wwe2k', 'communitycreations', 'mannypacquiao']","https://twitter.com/RyderOz/status/1501922669541064704"
"74","3/10/2022","lordcockatrice"," what a regular ","['mannypacquiao']","https://twitter.com/LordCockatrice/status/1501783105346347009"
"75","3/10/2022","mpac_foundation","were in this fight together are you ready <U+0001F94A>  lets empower communities in the philippines visit ","['pacquiaofoundation', 'mannypacquiao', 'mannyscorner']","https://twitter.com/MPac_Foundation/status/1501694319220174854"
"76","3/10/2022","worldboxingnews","floyd mayweather is king above pacquiao tyson in alltime ppv sales ","['floydmayweather', 'miketyson', 'mannypacquiao']","https://twitter.com/WorldBoxingNews/status/1501625406838956033"
"77","3/9/2022","worldboxingnews","manny pacquiao hot debate opens up following errol spence jr comments ","['mannypacquiao', 'pacquiaospence']","https://twitter.com/WorldBoxingNews/status/1501584907176488966"
"78","3/9/2022","mpac_foundation","send money to the philippines with zero fees   download  now and enjoy free credit with the code mpf     ","['pacquiaofoundation', 'mannypacquiao', 'mannyscorner']","https://twitter.com/MPac_Foundation/status/1501574277786587139"
"79","3/9/2022","dacanayp1","o mga pinklawan pagkatapos niyo icheck ang privilege niyo ito naman check niyo      ","['lenirobredo', 'pinglacson', 'bbm', 'iskomoreno', 'mannypacquiao']","https://twitter.com/DacanayP1/status/1501480415642939393"
"80","3/9/2022","tribido_ka","kung ang layunin ni      ay para talaga sa ikabubuti ng bayan dapat umatras na sila at iendorso nila  ","['iampinglacson', 'mannypacquiao', 'kaleody', 'iskomoreno', 'lenikikoalltheway']","https://twitter.com/Tribido_Ka/status/1501476911955939331"
"81","3/9/2022","quintoangelito","floyd mayweather gets nearly knocked out  ","['floydmayweather', 'mannypacquiao']","https://twitter.com/QuintoAngelito/status/1501460283302154245"
"82","3/14/2022","bxrbie_estella","<U+0001F1F5><U+0001F1ED>   ","['forgodandcountry', 'panaloangmahirap', 'panaloangpilipino']","https://twitter.com/Bxrbie_estella/status/1503268329209090055"
"83","3/22/2022","meloh947","  di yan kakasa sa iyo  sasabihin ng handler ni bbm gusto mo lang tumaas ka sa survey","['mannypacquiao']","https://twitter.com/meloh947/status/1506056840437973000"
"84","3/22/2022","silverkymm02","siguro sa boxing matatalo mo si bbm pero sa debate i doubt manny pacquiao you need jesus okay     ","['halalan2022', 'eleksyon2022', 'bbm', 'saraduterte', 'mannypacquiao']","https://twitter.com/silverkymm02/status/1506039378023354371"
"85","3/21/2022","iamroverarcilla","mukhang di niyo ata sinama sa balita niyo  sina  at  may mga naging campaign activities naman din po sila kanina e nasa  naman din sila kanina kunsabagay mas mahalaga nga pala sa inyo yung event ni gozon   ","['iskomoreno', 'mannypacquiao']","https://twitter.com/iamroverarcilla/status/1505932576774524930"
"86","3/21/2022","ligayasecretar3","ang fuckyaw na walang utak   ","['mannypacquiao']","https://twitter.com/LigayaSecretar3/status/1505868678360936451"
"87","3/21/2022","babymoshara","potacca ang tapang mo ha hahahahahahahahahahahaahahhahaahahahha topic nga about divorce puro diyos binabanggit mo tanga ka ba o sadyang nasobrahan yung suntok sa utak mo  ","['mannypacquiao', 'bbmsarauniteam']","https://twitter.com/babymoshara/status/1505863433861824512"
"88","3/21/2022","marq_nash","greatest boxing kncokouts   ","['dazn', 'mannypacquiao']","https://twitter.com/MARQ_NASH/status/1505859183685558274"
"89","3/21/2022","allstarboxmedia"," is the only eightdivision world champion in the history of boxing and has won twelve major world titles 2019  pac became the oldest welterweight world champion in history at the age of 40  6272 1995   philippines ","['mannypacquiao']","https://twitter.com/AllStarBoxMedia/status/1505678338232393732"
"90","3/21/2022","worldboxingnews","world champion mark magsayo takes wbc title to idol manny pacquiao ","['markmagsayo', 'mannypacquiao']","https://twitter.com/WorldBoxingNews/status/1505600645180633100"
"91","3/20/2022","markmagsayo_mmm","the moment i have been waiting for finally to bring the belt to the best and my idol       thank you for the advices kuya i will work harder next fight  <U+0001F64F><U+0001F3FD><U+0001F1F5><U+0001F1ED>    ","['mppromotions', 'mannypacquiao', 'mmm']","https://twitter.com/markmagsayo_MMM/status/1505568665823248386"
"92","3/20/2022","juan_opinion","paki sagot po     ","['kakampink', 'bbmsupporters', 'isko', 'mannypacquiao']","https://twitter.com/juan_opinion/status/1505435549376548864"
"93","3/20/2022","elinadeluna","maritesssss anong balita<U+0001F602>    ","['pinglacson', 'mannypacquiao', 'pilipinasdebates2022']","https://twitter.com/ElinaDeLuna/status/1505381696719699969"
"94","3/20/2022","rosaliecasyar"," salute for being a true gentleman kay vpl","['mannypacquiao']","https://twitter.com/rosaliecasyar/status/1505377087594504202"
"95","3/20/2022","philnews247","should excise tax be suspended presidential candidates answer in comelec debate 2022      read ","['lenirobredo', 'iskomoreno', 'mannypacquiao', '2022election']","https://twitter.com/PhilNews247/status/1505351771375382529"
"96","3/19/2022","mpac_foundation","in life there are no losses we either win or we learn   <U+0001F94A> be a champion today and help provide a family with a home link in bio      ","['pacquiaofoundation', 'mannypacquiao', 'mannyscorner']","https://twitter.com/MPac_Foundation/status/1505172738381541377"
"97","3/19/2022","kennethnhol","i just dont know why i have so much respect for  ","['mannypacquiao', 'pilipinasdebates2022']","https://twitter.com/KennethNhol/status/1505162727056035842"
"98","3/19/2022","icabtwn","thank you  for knowing the purpose of tesda","['mannypacquiao']","https://twitter.com/IcaBtwn/status/1505160160272035842"
"99","3/19/2022","pauumeow","dapat ilagay ang tamang tao iatfpara alam nila yung ginagawa nila kung swimming ang labanan dapat swimmer ang ilagay mo hindi boxer kung boxing labanan edi boxer ilagay mo   whooo bars   ","['mannypacquiao', 'pilipinasdebates2022']","https://twitter.com/PauuMeow/status/1505156267790192644"
"100","3/19/2022","jpoy1982","emmanuel means god is with us  ","['mannypacquiao', 'pilipinasdebates2022']","https://twitter.com/JPoy1982/status/1505145382694707204"
"101","3/19/2022","javierjismael1"," presidential candidate manny pacquiao says that on the first year of his administration he will focus on the gdp and in improving the countrys economy ","['pilipinasdebates2022', 'mannypacquiao']","https://twitter.com/JAVIERJISMAEL1/status/1505144626801672192"
"102","3/18/2022","catsarenotcute","lets say i am undecided how would you convince me to vote for your candidate please be respectful  go        ","['halalan2022', 'uniteambbmsara2022', 'lenirobredo2022', 'pinglacson', 'iskomoreno', 'mannypacquiao']","https://twitter.com/catsarenotcute/status/1504764746679025669"
"103","3/18/2022","erin48114165","sinu b ang karapatdapat manalo c pagkapresidente ng pilipinas a thread           you can choose to ignore my tweet but since this is my page i have the right to say my piece","['bbmforpresident', 'leniforpresident2022', 'iskomoreno', 'mannypacquiao', 'pinglacson']","https://twitter.com/erin48114165/status/1504504486286528518"
"104","3/17/2022","masterlei8","   ","['storytime', 'valentinerosales', 'mannypacquiao']","https://twitter.com/MasterLei8/status/1504421957441560579"
"105","3/17/2022","worldboxingnews","manny pacquiao a long shot in presidential election tipped for comeback ","['mannypacquiao']","https://twitter.com/WorldBoxingNews/status/1504420368815214595"
"106","3/17/2022","mpac_foundation","for over 24 years cameleon ph has been working to protect amp heal young girls who are survivors of sexual abuse  their centers provide a safe amp therapeutic environment for these girls visit ","['pacquiaofoundation', 'mannypacquiao']","https://twitter.com/MPac_Foundation/status/1504388207345291267"
"107","3/17/2022","presidentsbn","airdrop 2500   opensea account only guys idol   utility ","['mannypunk', 'nfts', 'mannypacquiao', 'vorzavats']","https://twitter.com/PresidentSBN/status/1504350259492794369"
"108","3/17/2022","ccllarenas","when  said to  that most politicians have business and using their position for their own benefit <U+0001F60F>       ","['mannypacquiao', 'tedfailon', 'tagalaspiÃ±as', 'corruption', 'phvote', 'newsfm', 'radyosingko', 'tvfive', 'tv5']","https://twitter.com/ccllarenas/status/1504268668288397313"
"109","3/17/2022","ccllarenas","when  said to  that most politicians have business and using their position for their own benefit <U+0001F60F>   ","['mannypacquiao', 'tedfailon', 'tagalaspiÃ±as', 'corruption', 'phvote']","https://twitter.com/ccllarenas/status/1504266772391686144"
"110","3/16/2022","awittylang","last election nagpapalit gyud kog tshirt ni du30 bsag di ko botante karon di gyapon ko botante hehehe      ","['natamadmagparehistro', 'bbm', 'letlenilead', 'isko', 'mannypacquiao', 'sorrypi']","https://twitter.com/awittylang/status/1504077162202030083"
"111","3/16/2022","blackfarmerlink","black farmers link youtube videos  description black many <U+0001F60E><U+0001F60E><U+0001F5A4><U+0001F4A3><U+0001F5A4><U+0001F576><U+0001F451><U+0001F1EE><U+0001F1F3><U+0001F1EE><U+0001F1F3> ll    video ","['balack', 'mannypacquiao', 'viralvideo']","https://twitter.com/blackfarmerlink/status/1504039517652721667"
"112","3/16/2022","ccnews__","crees que  gane la presidencia de  ","['mannypacquiao', 'filipinas']","https://twitter.com/CCNews__/status/1503883749829881863"
"113","3/16/2022","sottoernesto","   do the right thing help","['mannypacquiao', 'lenirobredo']","https://twitter.com/SottoErnesto/status/1503852020230332418"
"114","3/16/2022","choyzee","wrong move by the vp now drilon is asking the other candidates to consider withdrawing from the pres race in favor of leni how ironic       ","['halalan2022', 'eleksyon2022', 'letlenilead2022', 'pinglacson', 'iskomoreno', 'mannypacquiao']","https://twitter.com/choyzee/status/1503780874046697475"
"115","3/16/2022","deportrece","<U+0001F5D3><U+0001F94A> hoy recordamos la pelea del año 2008 entre juan manuel márquez y manny pacquiao 2 con polémico triunfo para el filipino  qué detalles recuerdas de esta épica batalla <U+0001F440>    ","['mannypacquiao', 'juanmanuelmarquez', 'boxing']","https://twitter.com/Deportrece/status/1503779421400055809"
"116","3/15/2022","jpxellotath","there should be a live streaming and cctv observation system in this day and age to avoid voter fraud             ","['vote2022', 'lenirobredo2022', 'mannypacquiao', 'bongbongmarcos', 'iskomoreno', 'pinglacoson']","https://twitter.com/JpXellotath/status/1503691548072222721"
"117","3/15/2022","oshinsitter","ikaw lang ang naniniwala sa chance to win the presidency kung ako saiyo  suportahan mo na ang sure winner na si <U+0001F496>   ","['mannypacquiao', 'lenirobredo', 'angatbuhaylahatkayleni', 'kulayrosasangbukas', 'liwanagsadilim']","https://twitter.com/OshinSitter/status/1503533560128761859"
"118","3/22/2022","fueradebasetv","i only hold $ern  and smile  in the future their value will only go up   is doing epic names like         2022 is their year for building and i cant wait to try the   in ","['nfts', 'messi', 'suarez', 'modric', 'shaq', 'elvispresley', 'brucelee', 'pacquiao', 'p2e', 'metaverse', 'q4']","https://twitter.com/fueradebasetv/status/1506032906627653635"
"119","3/21/2022","jsttothequick"," dares  to oneonone debate bbm should give this guy a mirror instead  ","['pacquiao', 'bbm', 'halalan2022', 'phvote']","https://twitter.com/JstToTheQuick/status/1505849551185276934"
"120","3/21/2022","sportclub50"," vaya par de dos ","['morales', 'pacquiao', 'boxing']","https://twitter.com/SportClub50/status/1505847595100475393"
"121","3/20/2022","iyot97672958","the presidential debate that just happen is the best so far sayang wala si     ","['bbm', 'leniforpresident2022', 'pacquiao', 'switchtoisko', 'lacson']","https://twitter.com/Iyot97672958/status/1505326824363999234"
"122","3/19/2022","niceredzi"," ","['realtalk', 'pacquiao']","https://twitter.com/niceredzi/status/1505202956119195650"
"123","3/19/2022","joy69336818","mga kawatan mag sama2x sa kulungan ","['pacquiao']","https://twitter.com/joy69336818/status/1505166952930684929"
"124","3/19/2022","kwin_egg","mark my word    lagot ","['pacquiao', 'pilipinasdebates2022']","https://twitter.com/kwin_egg/status/1505166856789041154"
"125","3/19/2022","shu27136361","sa hirap ng mga tanong tsaka may mga rebutal pa malamang di aattend di yung isa kasi mapaghahalataang bobo       ","['presidentialdebate', 'theturningpoint', 'bbm', 'lacson', 'pacquiao', 'robredo']","https://twitter.com/Shu27136361/status/1505149983544143873"
"126","3/19/2022","nates1027","respect     ","['pacquiao', 'kayleninatayo', '10robredopresident', 'pilipinasdebates2022']","https://twitter.com/nates1027/status/1505129670873862148"
"127","3/19/2022","realboxing_2022","challenge is live enter the game and use our exclusive offer to unlock and box as pacman be fast about it since we have something more for you just around the weekend        ","['manny', 'pacman', 'pacquiao', 'boxing', 'game']","https://twitter.com/RealBoxing_2022/status/1504925009109737485"
"128","3/18/2022","radarafaela","ahora si guardé el timelapse este coso es de 8 minutos si es feo pero estoy practicando velocidad me sugirieron pacquiao versus ippo  p      ","['pacquiao', 'ippo', 'timelapse', 'doodle']","https://twitter.com/RadaRafaela/status/1504625971886010371"
"129","3/17/2022","gelsantosrelos","did you hear that bbm and sdc naumbag ba kayo sa knock out punch na yan ng katotohanang sinusuntok sa inyo ni   no accountability from candidates who shun debates <U+0001F4A5><U+0001F94A><U+0001F4A5>","['pacquiao']","https://twitter.com/GelSantosRelos/status/1504483854748246032"
"130","3/16/2022","timexsplicer","pacquiao  malinis ang tubig pero baka hindi sapat para mapawi ang uhaw  ","['pacman2022', 'pacquiao']","https://twitter.com/timexsplicer/status/1503923453245943811"
"131","3/15/2022","clidemarchelli","en san diego pacquiao jr tuvo su primera pelea amateur en estados unidos on metro sk website ","['pacquiao', 'boxeo', 'sandiego', 'californiadreaming']","https://twitter.com/ClideMarchelli/status/1503711694039658500"
"132","3/15/2022","dancin4two","it will be an easier and more peaceful election if candidates and followers would focus on campaigning based on truth and credentials of the candidate yun lang naman ang dapat bakit may siraan at lies  pa         ","['halalan2022', 'lenikiko2022', 'bbmsara2022', 'iskomoreno', 'pacquiao']","https://twitter.com/dancin4two/status/1503577341733195779"
"133","3/21/2022","jeffriesconrad","<U+0001F1FA><U+0001F1F8> i will bring     to its end <U+0001F4AF> no more     ","['veteran', 'activeduty', 'nationalguard', 'suicide', 'forgodandcountry', 'nda']","https://twitter.com/JeffriesConrad/status/1505906688917848071"
"134","3/21/2022","chaplaingary1","this weeks message is about bodily discipline and growing in godliness  are you working toward fulfilling the promise of this life and the life to come  its amazing what could happen if you take a few steps each day     ","['chaplainlife', 'alabamang', 'ministryminute', 'forgodandcountry']","https://twitter.com/ChaplainGary1/status/1505871360479969280"
"135","3/21/2022","drprinceharmah","the only thing all men have in equal measure is time how successful you are depends on how best you manage your time so make every minute of this week count may god bless your efforts        ","['mondaymotivation', 'forgodandcountry', 'kwesimintsim', 'dpha']","https://twitter.com/drprinceharmah/status/1505832044953313282"
"136","3/21/2022","chaplaingary1","  i sure would have loved to stop to visit the united states army institute of religious leadership  but a soldier has to report when ordered  on to  for long awaited training   ","['chaplainlife', 'forgodandcountry', 'alabamang', 'drivingthrough']","https://twitter.com/ChaplainGary1/status/1505681878656892929"
"137","3/20/2022","mavunokiamburd","  3 because i am a christian i lend prophetic vision and insight to my generation to my nations culture and policy  pastor rocky    ","['forgodandcountry', 'christians', 'christianity', 'mavunochurchkiamburoad']","https://twitter.com/MavunoKiambuRd/status/1505492556687331337"
"138","3/20/2022","mavunokiamburd","  1 because we are christians we influence our nation its culture and politics we will not bow 2 because i am a christian i am a leader  i lead the way for our culture  pastor rocky   ","['forgodandcountry', 'christians', 'christianity', 'mavunochurchkiamburoad']","https://twitter.com/MavunoKiambuRd/status/1505492127312232450"
"139","3/20/2022","mavunokiamburd"," a christian is 2 a person who believes in jesus christ and follows his teachings  pastor rocky    ","['forgodandcountry', 'christians', 'christianity', 'mavunochurchkiamburoad']","https://twitter.com/MavunoKiambuRd/status/1505482348044955653"
"140","3/20/2022","mavunokiamburd","  we could therefore say a christian is 1 a disciple of christ a full time student and practitioner of the school and teachings of jesus christ the believers in antioch were called christians because they were disciples of christ pastor rocky  ","['forgodandcountry', 'christians']","https://twitter.com/MavunoKiambuRd/status/1505479669629476865"
"141","3/20/2022","mavunokiamburd"," who is a christian acts 1126 amp and when he found him he brought him back to antioch for an entire year they met with others in the church and instructed large numbers and it was in antioch that the disciples were first called christians ","['forgodandcountry', 'christianity']","https://twitter.com/MavunoKiambuRd/status/1505479411340095493"
"142","3/20/2022","mavunokiamburd"," esther 15 contd to mordecai why do you transgress the kings command and when they spoke to him day after day and he would not listen to them they told haman in order to see whether mordecais words would stand for he had told them that he was a jew","['forgodandcountry']","https://twitter.com/MavunoKiambuRd/status/1505472227222958080"
"143","3/20/2022","mavunokiamburd"," esther 15 contd and all the kings servants who were at the kings gate bowed down and paid homage to haman for the king had so commanded concerning him but mordecai did not bow down or pay homage then the kings servants who were at the kings gate said","['forgodandcountry']","https://twitter.com/MavunoKiambuRd/status/1505472083538628609"
"144","3/20/2022","mavunokiamburd"," because im a christian esther 315 after these things king ahasuerus promoted haman the agagite the son of hammedatha and advanced him and set his throne above all the officials who were with him","['forgodandcountry']","https://twitter.com/MavunoKiambuRd/status/1505467992645251075"
"145","3/20/2022","ronmunsayac","promdipdp presidential bet sen  visited his vice presidential candidate today whos currently recovering from knee surgery    ","['pacquiaoatienza', 'forgodandcountry']","https://twitter.com/RonMunsayac/status/1505467596363407369"
"146","3/20/2022","coriencio"," all good <U+0001F44D><U+0001F44D><U+0001F44D> god bless the patriots worldwide  i salute anyone who is willing to stand for freedom  ","['forgodandcountry']","https://twitter.com/coriencio/status/1505242208953200644"
"147","3/19/2022","drprinceharmah","i am honoured to have supported this noble project and i look forward to the renovation of the community centre to serve the purpose of providing a common space for all the people of adientem         33","['forgodandcountry', 'kwesimintsim', 'dpha']","https://twitter.com/drprinceharmah/status/1505154098630479874"
"148","3/19/2022","ronmunsayac","dito na po tayo sa binago ang buhay ng panginoon dumaan at pinatatag ng hirap ng buhay protektahan lahat tayo matapang at haharapin lahat ng laban hindi magnanakaw at hindi ka maliliitin magbibigay karangalan sa bansa  si  ang presidente ko   ","['forgodandcountry']","https://twitter.com/RonMunsayac/status/1505089908485943300"
"149","3/19/2022","mavunokiamburd","  deceptions of kenyas tribalism  if the president is from my tribe i will benefit that benefit is just a feeling  be sure to join us this sunday as we continue to mirror the book of esther in the bible with kenya   ","['forgodandcountry', 'mavunochurchkiamburoad', 'churchkiamburd']","https://twitter.com/MavunoKiambuRd/status/1505061508736290821"
"150","3/18/2022","usairl2022","chief of chaplains visits c4 army chief of chaplains chap mg thomas solhjem visits with the students in the chaplain captains career course at the heart and home of the army chaplaincy at the institute for religious leadership march 18   ","['livethecall', 'forgodandcountry']","https://twitter.com/usairl2022/status/1504838785766465538"
"151","3/18/2022","benjaminakakpo3","the  is airborne we are    join us as we serve you another   <U+0001F4AA><U+0001F3FE><U+0001F1EC><U+0001F1ED><U+0001F525><U+0001F64C><U+0001F3FE>    ","['amshow', 'largeandincharge', 'fantasticfriday', 'forgodandcountry', 'joynews', 'amshow']","https://twitter.com/BenjaminAkakpo3/status/1504705589032763515"
"152","3/18/2022","roybaker22","todays listening         ","['forgodandcountry', 'metronomy', 'laurenwood', 'dashboardconfessional', 'music', 'listening', 'musiccollection', 'musiccollector']","https://twitter.com/RoyBaker22/status/1504648799477805061"
"153","3/18/2022","coriencio"," thanq  i salute anyone who is willing to fight for freedom  god bless you  ","['forgodandcountry']","https://twitter.com/coriencio/status/1504557549781073923"
"154","3/18/2022","usairl2022","army chief of chaplains chap mg thomas solhjem holds a town hall with the chaplain corps worldwide from the heart and home of the army chaplaincy at the army institute for religious leadership at fort jackson south carolina on march 17  ","['forgodandcountry']","https://twitter.com/usairl2022/status/1504536887821840390"
"155","3/18/2022","coriencio","  yes i am  i hope you enjoyed it  i give all the credit to our lord and savior upstairs  god bless you btw ","['forgodandcountry']","https://twitter.com/coriencio/status/1504516781221703691"
"156","3/17/2022","coriencio"," thanq sir and thanq for your service god bless our military god bless you john  ","['forgodandcountry']","https://twitter.com/coriencio/status/1504338440388718592"
"157","3/17/2022","thelightinthis1","we changed we will rock you to we will rebuke you        ","['forgodandcountry', 'christian', 'jesus', 'bible', 'streetpreach', 'warriorsforchrist']","https://twitter.com/TheLightInThis1/status/1504318352403034113"
"158","3/17/2022","drprinceharmah","i remain committed to all development issues in our beloved kwesimintsim constituency and i shall continue to support the effort towards realising a prosperous kwesimintsim      ","['forgodandcountry', 'kwesimintsim', 'dpha']","https://twitter.com/drprinceharmah/status/1504180090866966533"
"159","3/16/2022","benjaminakakpo3","together ghanafu lets rock this  on the   <U+0001F4AA><U+0001F3FE><U+0001F1EC><U+0001F1ED><U+270C><U+0001F3FE><U+0001F525><U+0001F64C><U+0001F3FE>    ","['wonderfulwednesday', 'amshow', 'forgodandcountry', 'joynews', 'amshow']","https://twitter.com/BenjaminAkakpo3/status/1503984026629165058"
"160","3/16/2022","tinagmensah","its an honor to be recognized and adjudged the best deputy minister of health 2021 by faks investigative services   <U+0001F1EC><U+0001F1ED> ","['forgodandcountry']","https://twitter.com/TinaGMensah/status/1503861784234672134"
"161","3/16/2022","chaplaingary1","and now you can see why i say this is my favorite animal  gods creation is filled with beauty and enough joy to promote a smile if only you will look    ","['chaplainlife', 'forgodandcountry', 'alabamang']","https://twitter.com/ChaplainGary1/status/1503797607562457091"
"162","3/15/2022","drprinceharmah","the simple road to success is to give your best every day in all you do this is also the hardest thing to do but with discipline you can train yourself to be consistent and successful have a productive week       ","['forgodandcountry', 'kwesimintsim', 'dpha']","https://twitter.com/drprinceharmah/status/1503649041950941185"
"163","3/15/2022","clumce3","register amp please share  libreng pabahay trabaho para sa lahat pang kabuhayan at marami pa   mag register lang sa ","['panaloangpilipino', 'forgodandcountry', 'mannypacquiaoforpresident']","https://twitter.com/Clumce3/status/1503603141430091776"
"164","3/20/2022","mlastandard","q5 sa inyong pangangampanya ano ang inyong natutunan na lalong nagpatibay ng inyong mga plano para sa mga mamamayang pilipino       ","['mstandardbewiser', 'mstandardphelection2022', 'pilipinasdebates2022', 'votesafepilipinas', 'panaloangmahirap']","https://twitter.com/MlaStandard/status/1505464363251085314"
"165","3/20/2022","mlastandard","followup question ano ang inyong paninindigan pagdating sa mga proposal na gawin na lamang 4day work week ngayon para makatipid ang mga empleyado pero ito ay inooppose ng mga employer      ","['mstandardbewiser', 'mstandardphelection2022', 'votesafepilipinas', 'panaloangmahirap']","https://twitter.com/MlaStandard/status/1505453039917752326"
"166","3/20/2022","mlastandard","q4 ano ang gagawin mo para matiyak na sapat ang trabaho matatag ang kabuhayan at dekalidad o up to standard ang kasanayan ng mga gagraduate ngayon at papasok sa mundo ng paggawa      ","['mstandardbewiser', 'mstandardphelection2022', 'votesafepilipinas', 'panaloangmahirap']","https://twitter.com/MlaStandard/status/1505437991015264256"
"167","3/20/2022","mlastandard","q3 sa tingin mo sa puntong ito ang pilipinas ba ay handa na sa isa na namang covid19 surge kung hindi paano mo palalakasin ang pagtugon kung nakaupo ka na sa puwesto       ","['mstandardbewiser', 'mstandardphelection2022', 'pilipinasdebates2022', 'votesafepilipinas', 'panaloangmahirap']","https://twitter.com/MlaStandard/status/1505230436800217090"
"168","3/19/2022","mlastandard","q2 sa iyong pananaw nagtagumpay ba ang build build build program at kung kayoy maluklok itutuloy niyo ba ito yes or no why or why not        ","['mstandardbewiser', 'mstandardphelection2022', 'pilipinasdebates2022', 'votesafepilipinas', 'lacsonsottopanalotayo', 'panaloangmahirap']","https://twitter.com/MlaStandard/status/1505187740262047748"
"169","3/19/2022","mlastandard","q1 ano ang isang sektor na uunahin mong palakasin at bigyang prayoridad upang mapabilis ang pagahon ng ating ekonomiya        ","['mstandardbewiser', 'mstandardphelection2022', 'pilipinasdebates2022', 'votesafepilipinas', 'lacsonsottopanalotayo', 'panaloangmahirap']","https://twitter.com/MlaStandard/status/1505165118518276099"
"170","3/19/2022","jpoy1982","    emmanuel manny pacquiao for president","['panaloangmahirap', 'pilipinasdebates2022', '09mannypacquiao']","https://twitter.com/JPoy1982/status/1505143923588870148"
"171","3/27/2022","kabalyero","    not really just be good at something and take advantage of opportunities that comes your way also dont be lazy   boxer  became successful and wealthy by doing what he was good a","['filipino', 'mannypacquiao']","https://twitter.com/kabalyero/status/1508045086185033734"
"172","3/26/2022","daddysgirlph"," the more laughable one would have been  sitting there at least  never slapped up with his degrees","['mannypacquiao']","https://twitter.com/DaddysGirlPH/status/1507723476508966913"
"173","3/26/2022","igorotage","660 this igorot boxing prodigy from ifugao could be the next manny pacquiao experts and fans say    ","['boxing', 'mannypacquiao']","https://twitter.com/igorotage/status/1507703923813273603"
"174","3/26/2022","jaeager11","hello  and  <U+0001F923><U+0001F923><U+0001F923><U+0001F923> hello also to      mapapasayang ka na lang talaga <U+0001F923><U+0001F923><U+0001F923><U+0001F923> ","['cnnphilippines', 'tv5', 'iskomoreno', 'mannypacquiao', 'pinglacson', 'absent']","https://twitter.com/jaeager11/status/1507694960136843268"
"175","3/26/2022","sir_kabayan","remember always love your family and friends lets spread love peace and unity not hatred anger and negative energy <U+0001F917><U+2764><U+0001F49A><U+0001F49F><U+0001F499><U+0001F49B><U+0001F90D><U+0001F49C>  sa bandang huli magsisimula pa rin ang tunay na pagbabago sa tahanan natin mismo <U+0001F92D><U+0001F44C><U+2764><U+0001F49A>       ","['bbm', 'leni', 'isko', 'mannypacquiao', 'pinglacson']","https://twitter.com/Sir_Kabayan/status/1507646208751595529"
"176","3/26/2022","primpaypon","twitter keeps on entertaining us with fun and creative presidentiable stuff but a particular account only revealed four i guess we all know the reason why the other one was not included      <U+0001F4F8> ctto ","['lenirobredo', 'mannypacquiao', 'pinglacson', 'iskomoreno']","https://twitter.com/primpaypon/status/1507608055604649986"
"177","3/26/2022","c_lotaga","senator manny pacquiao may tanong si doctorney jose montemayor ano daw ang address mo may sampung bata kaming ipapadala sayo today para alagaan mo magtatayo din kami ng receiving center para tuloytuloy ang supply mo ng mga bata      ","['mannypacquiao', 'josemontemayor', 'halalan2022']","https://twitter.com/c_lotaga/status/1507593893902127110"
"178","3/26/2022","adel_fuertes418"," ambisyoso e dapat ilagay ang sarili kung ano ang kaya ng utakdiba paps","['mannypacquiao']","https://twitter.com/Adel_fuertes418/status/1507590345936482312"
"179","3/25/2022","jheybdeocera","opinion for manny  hmmmm yes magalin siya na boxer and nasa senate din siya pero kung manalo siya kaya niya bang patunayan na mapagkakaisa niya ang mga tao na tulad sa mga laban niya  ","['mannypacquiao']","https://twitter.com/JheybDeOcera/status/1507343381223342081"
"180","3/25/2022","doding_goons","its election season     ","['deadoralive', 'doa', 'tinaarmstrong', 'mannypacquiao']","https://twitter.com/doding_goons/status/1507338796123275268"
"181","3/25/2022","philnews247","aerial shots of crowd during the campaign rally of manny pacquiao in isabela<U+0001F447><U+0001F929>      read ","['mannypacquiao', 'isabela', 'grandrally', '2022elections', 'pacman']","https://twitter.com/PhilNews247/status/1507260074749677569"
"182","3/25/2022","sottoernesto","      you are  the peoples champ support  in the fight against  the very face of corruption in the<U+0001F1F5><U+0001F1ED> god bless ","['mannypacquiao', 'lenirobredo', 'lenikikoalltheway']","https://twitter.com/SottoErnesto/status/1507049070468030505"
"183","3/24/2022","gallardozandz","  if manny is able to set aside his personal ambition for god and for country he will enter the league of legendary filipino heroes who did the same for the filipino nation  his place in history will be hallowed and sealed for al","['mannypacquiao']","https://twitter.com/GallardoZandz/status/1507002745181839367"
"184","3/24/2022","gallardozandz"," if manny is able to set aside his personal ambition for god and for country he will enter the league of legendary filipino heroes who did the same for the filipino nation  his place in history will be hallowed and sealed for all time  ","['mannypacquiao']","https://twitter.com/GallardoZandz/status/1507002124974329857"
"185","3/24/2022","gallardozandz","if manny is able to set aside his personal ambition for god and for country he will enter the league of legendary filipino heroes who did the same for the filipino nation  his place in history will be hallowed and sealed for all time  ","['mannypacquiao']","https://twitter.com/GallardoZandz/status/1507001978836353032"
"186","3/24/2022","mpac_foundation","make a difference every time you shop on    will donate a portion of your purchase to the manny pacquiao foundation   its easy and you only have to activate once   ","['pacquiaofoundation', 'mannypacquiao', 'mannyscorner']","https://twitter.com/MPac_Foundation/status/1506988955866054663"
"187","3/24/2022","markquisvlad","ito din po miss  pagsabihan nyo        ","['iskomoreno', 'lenirobredo', 'mannypacquiao', 'pinglacson', 'bongbongmarcos']","https://twitter.com/MarkquisVlad/status/1506957187578724359"
"188","3/24/2022","pbbtrends_","hey peeps may i know sino president niyo      ","['bongbongmarcos', 'iskomoreno', 'mannypacquiao', 'lenirobredo']","https://twitter.com/PBBTrends_/status/1506935083265302530"
"189","3/24/2022","sottoernesto","   you are  the peoples champ support  in the fight against  the very face of corruption in the<U+0001F1F5><U+0001F1ED> god bless ","['mannypacquiao', 'lenirobredo', 'lenikikoalltheway']","https://twitter.com/SottoErnesto/status/1506919060239384577"
"190","3/24/2022","sottoernesto","    you are  the peoples champ support  in the fight against  the very face of corruption in the<U+0001F1F5><U+0001F1ED> god bless ","['mannypacquiao', 'lenirobredo', 'lenikikoalltheway']","https://twitter.com/SottoErnesto/status/1506918838373269504"
"191","3/24/2022","grazzinigray","again calling     to stop your fight and support    thus will be your most noble act for your country ","['pinglacson', 'mannypacquiao', 'iskomoreno', 'lenirobredo2022', 'lenirobredo', 'letlenilead', 'philippines']","https://twitter.com/GrazziniGray/status/1506890528021164036"
"192","3/24/2022","rayswaggher","ayy gago wag kna lng magaksaya ng pagud at pera vote for   kna lng bai <U+270C><U+FE0F>     ","['mannypacquiao', 'camanavaispink']","https://twitter.com/RaySwaggher/status/1506881911112708096"
"193","3/24/2022","chloeupdowne"," manny gained my respect  for staying true to his values   ","['mannypacquiao']","https://twitter.com/ChloeUpDowne/status/1506790650058051590"
"194","3/24/2022","worldboxingnews","manny pacquiao praised while glorifying inspirational former opponent ","['mannypacquiao']","https://twitter.com/WorldBoxingNews/status/1506704637956612100"
"195","3/23/2022","largo_sean","mabuting tao maka dios maka tao maka bansa wala na kong hahanapin pa sa presidente ko iba at walang katulad ang isang  <U+0001F1F5><U+0001F1ED><U+0001F1F5><U+0001F1ED><U+0001F1F5><U+0001F1ED>","['mannypacquiao']","https://twitter.com/largo_sean/status/1506653944566616067"
"196","3/23/2022","mikaela69197407","yes louder pls what more do we need and require who else deserves to win     ","['mannypacquiao', 'mptayo', '9sabalota']","https://twitter.com/Mikaela69197407/status/1506651437798879232"
"197","3/23/2022","daddysgirlph","such a pity to see s downward spiral <U+0001F614>","['mannypacquiao']","https://twitter.com/DaddysGirlPH/status/1506647076838723585"
"198","3/23/2022","daddysgirlph","the effects of being punched in the head for decades <U+0001F94A> is now clearly manifesting in  ","['mannypacquiao']","https://twitter.com/DaddysGirlPH/status/1506645825073868800"
"199","3/23/2022","0812darkangel","kung botante ka huwag puro fake news and spliced videos ang sinishare mo share mo din achievements at plataporma ng kandidato mo malay mo mahikayat mo pa yung mga undecided        ","['halalan2022', 'lenirobredo', 'bbm', 'iskomoreno', 'pinglacson', 'mannypacquiao', 'pilipinas']","https://twitter.com/0812darkangel/status/1506488030521008128"
"200","3/23/2022","worldboxingnews","manny pacquiao on course to lose philippines presidential election bid ","['mannypacquiao']","https://twitter.com/WorldBoxingNews/status/1506337114539147273"
"201","3/22/2022","miriamgracego","presidential bet   this evening   he answers light questions in this video what he watches on netflix how he bonds with his kids etc   before that he fielded the hard questions w  airing soon   ","['mannypacquiao', 'phvote', 'wedecide', 'phvotepacquiao']","https://twitter.com/miriamgracego/status/1506280844301946890"
"202","3/22/2022","worldboxingnews","floyd mayweather tops manny pacquiao and mike tyson on pay per view ","['floydmayweather', 'miketyson', 'mannypacquiao']","https://twitter.com/WorldBoxingNews/status/1506276097469599756"
"203","3/22/2022","2anna_kin2","this <U+0001F447>      ","['mannypacquiao']","https://twitter.com/2Anna_kin2/status/1506252936040484864"
"204","3/22/2022","romelomanalo","if pdp laban endorse    time for  to support ","['bbmsara', 'mannypacquiao', 'vpleni']","https://twitter.com/romelomanalo/status/1506143334032683008"
"205","3/22/2022","queenclaireg","kayo na lang ni lenlen  same level<U+0001F33A><U+0001F33A><U+0001F33A>        ","['halalan2022', 'elections2022', 'mannypacquiao', 'leni']","https://twitter.com/queenclaireg/status/1506130683873222659"
"206","3/22/2022","philheadlines","paquiao pushes for p50k minimum wage for frontliners      read here ","['eleksyon2022', 'mannypacquiao', 'news']","https://twitter.com/Philheadlines/status/1506128233351233540"
"207","3/22/2022","babybluered17","   the smni debate will be atnded by professionals and real panelist from different sectors its n opportunity to showcase your brains platforms dont tell me you will not attend i thought a real leader will show up during difficult times","['lenirobredo', 'iskomoreno', 'mannypacquiao']","https://twitter.com/babyBlueRed17/status/1506125818350632961"
"208","3/22/2022","babybluered17","   are you not going to attend the smni debate this coming march 26 i thought you want bbm to show up he will attend the debate how about you dont tell me that you are part of mediocre are you really smart","['lenirobredo', 'iskomoreno', 'mannypacquiao']","https://twitter.com/babyBlueRed17/status/1506124824308977667"
"209","3/28/2022","atelhab"," <U+2764><U+FE0F><U+0001F49A> <U+0001F90D><U+0001F499> <U+0001F499><U+2764><U+FE0F> <U+0001F90D> <U+0001F497>  kahit sino sa kanila ang presidente mo mahal parin kita pilipino parin tayong lahat pagkatapos ng may 9 <U+0001F60A>","['bbm', 'lacson', 'pacquiao', 'domagoso', 'robredo']","https://twitter.com/atelhab/status/1508326741109981191"
"210","3/28/2022","persicanterd","<U+0001F642>        ","['dutertelegacy', 'duterte', 'bbm', 'isko', 'pacquiao', 'leni', 'lacson']","https://twitter.com/persicanterd/status/1508269829580488707"
"211","3/28/2022","francis_medina_","natatawa ako sa bagong script ng mga  supporters   ikaw na lang ang kulanghinihintay para makulong sila sampahan mo na ng kaso   hahahaha           ","['bbm', 'halalan2022', 'lacsonsotto2022', 'lacsonsottotayo', 'lenikiko2022', 'bbmsarauniteam', 'isipingmabuti', 'angatbuhaylahat', 'isko', 'pacquiao']","https://twitter.com/francis_medina_/status/1508222542594523140"
"212","3/26/2022","boostjockster","s dana white  bob arum fixed bradley fight to stall  vs   ","['ufc', 'pacquiao', 'mayweather']","https://twitter.com/boostjockster/status/1507451049514512384"
"213","3/26/2022","blqmgck","    ","['pacquiao', 'stephbetter', 'pancit', 'turon', 'karekare']","https://twitter.com/BlqMgck/status/1507446771760336898"
"214","3/25/2022","persicanterd","mejo hilas sa part mag two joints sabay no panic its organic sabay pina kurog sa lips      ","['isko', 'bbm', 'leni', 'pacquiao', 'lacson']","https://twitter.com/persicanterd/status/1507273702655729668"
"215","3/25/2022","boxing_habit","mayweathers kids taking naps<U+0001F634>       ","['mayweather', 'conormcgregor', 'pacquiao', 'boxing', 'ufc', 'mma']","https://twitter.com/boxing_habit/status/1507192248244473856"
"216","3/25/2022","francis_medina_","pwede kayang sumakay kapag di  <U+0001F606> magkano kaya magiging pamasahe ng mga  supporters dito magkano naman kapag kaming mga    at  supporters ang sumakay <U+0001F606><U+270C><U+FE0F> ","['kakampink', 'bbm', 'lacson', 'isko', 'pacquiao', 'kaleody']","https://twitter.com/francis_medina_/status/1507189414430396418"
"217","3/24/2022","apsyculsoc","on 4222 joseph s reynoso presents  manny pacquiao and the limits of identity under empire  ","['pacquiao', 'psychoanalysis']","https://twitter.com/APsyCulSoc/status/1506791737972383745"
"218","3/23/2022","truth_19_","<U+30D1><U+30C3><U+30AD><U+30E3><U+30AA><U+306F><U+5927><U+7D71><U+9818><U+9078><U+306B><U+8CA0><U+3051><U+308B><U+3089><U+3057><U+3044> <U+4FFA><U+30D1><U+30C3><U+30AD><U+30E3><U+30AA><U+3057><U+304B><U+77E5><U+3089><U+306A><U+3044><U+304B><U+3089><U+60B2><U+3057><U+3044> <U+30D1><U+30C3><U+30AD><U+30E3><U+30AA><U+4E0D><U+4EBA><U+6C17><U+30D1><U+30C3><U+30AD><U+30E3><U+30AA>    ","['pacquiao']","https://twitter.com/truth_19_/status/1506526718676602881"
"219","3/23/2022","allain_z","      hahaha","['lacson', 'pacquiao']","https://twitter.com/allain_z/status/1506516220824420352"
"220","3/23/2022","persicanterd","<U+0001F590> me dire ta ky walay dudang buotan hantod karon wa ghapon mi tv siguradong matagaan ngyd mi    ","['bbm', 'leni', 'pacquiao']","https://twitter.com/persicanterd/status/1506385303950356482"
"221","3/23/2022","boxeotelemundo","<U+0001F525> back to work   <U+0001F4AA> después de su victorioso debut emmanuel pacquiao jr volvió a darle duro a los entrenamientos   <U+0001F4F9> vía pacquiaoemmanuel       ","['emmanuelpacquiao', 'pacquiao', 'boxeo', 'box', 'boxing']","https://twitter.com/BoxeoTelemundo/status/1506365089124950020"
"222","3/23/2022","rustydgaf"," may sira na ulo mo  samali ka muna sa smni debate bago ka mag putak ","['pacquiao']","https://twitter.com/rustydgaf/status/1506344523475353600"
"223","3/22/2022","theyangg25"," ","['pacquiao']","https://twitter.com/Theyangg25/status/1506156993265893379"
"224","3/22/2022","tanonbltopics","ang nakakalungkot na pangyayari ngayon sa pilipinas 1 mga kawatan nagkaisa para sa kanilang personal na interes 2 grupo ng oposisyon watakwatak dahil sa personal na interes  lord pls       ","['pacquiao', 'iskomoreno', 'lenirobredo', 'lacson', 'kaleody']","https://twitter.com/tanonBLtopics/status/1506129679673356291"
"225","3/22/2022","inkheartearl","8  hinahamon ang 60 eh di wow bka dapat si leni or isko ang dapat  hamunin mo  tutal mas malapit ang ratings nyo char ","['pacquiao']","https://twitter.com/InkHeartEarl/status/1506084770383822850"
"226","3/22/2022","chatzkee78","sa totoo lang sigurado akong mas malinis ang motibo at plano ni senpaquiao kesa kay babym     ","['bbm', 'bbmduwag', 'pacquiao', 'letlenilead']","https://twitter.com/chatzkee78/status/1506060150745956353"
"227","3/28/2022","xdkyjz","well said hope everyone find time to read this long post        ","['uniteambbmsara', 'lenikiko2022', 'switchtoisko', 'forgodandcountry', 'lacsonsottopanalotayo']","https://twitter.com/xdkyjz/status/1508124535828017152"
"228","3/28/2022","theflybrian","im going to rekindle the fervor of 2017  <U+0001F64C><U+0001F525> look around there are more of us than them qarmy anons no more          ","['q', 'comingtolight', 'together', 'wehavethetruth', 'forgodandcountry', 'uniteqarmy']","https://twitter.com/TheFlyBrian/status/1508117827848450061"
"229","3/27/2022","ronmunsayac","walang hakot walang kulay dahil lahat ng pilipino ay panalo kay   <U+0001F1F5><U+0001F1ED>  naniniwala tayong lahat na may pagasa pa ang pilipinas na umasenso muli     ","['panaloangpilipino', 'forgodandcountry', 'mannypacquiaoforpresident2022']","https://twitter.com/RonMunsayac/status/1507964347049738244"
"230","3/26/2022","chaplaingary1","graduate school stops for no one even when your 10 hours away from home in a hotel and assigned to an army course blessed to have a quiet saturday to study while i work on weekend laundry        ","['chaplainlife', 'forgodandcountry', 'alabamang', 'oerbullet', 'conflictresolution', 'rolltideroll']","https://twitter.com/ChaplainGary1/status/1507745237527109637"
"231","3/26/2022","jeffriesconrad","<U+0001F1FA><U+0001F1F8> the cause is bigger than me so i fight on <U+0001F3C3><U+200D><U+2642><U+FE0F><U+0001F4AF> its already <U+270D><U+FE0F>       ","['veteran', 'activeduty', 'suicide', 'solutions', 'forgodandcountry']","https://twitter.com/JeffriesConrad/status/1507744841563746306"
"232","3/26/2022","mavunokiamburd","visitors bring us joy thank you pastor rocky for gracing us with your presence last sunday  be our guest this sunday as we wrap up marchs sermon series  at  kwaheri road off kiambu road from 1030am to 12 noon   ","['forgodandcountry', 'mavunochurchkiamburoad']","https://twitter.com/MavunoKiambuRd/status/1507720765441036293"
"233","3/26/2022","lowcountrybk","hearing dr alveda king speak last night reminded me of one thing and one thing only we are all gods children + we must be kind        4<U+FE0F><U+20E3><U+271D><U+FE0F><U+2795><U+0001F1FA><U+0001F1F8>  ","['fromthewombtothetomb', 'dralvedaking', 'fighttogether', 'onenationundergod', 'forgodandcountry', 'peacebewithyou', 'andalsowithyou']","https://twitter.com/LowCountryBK/status/1507715118045569036"
"234","3/26/2022","ronmunsayac","atm sen  attending fiscal management class the peoples champion is currently taking masters in public administration in the philippine christian university    ","['learningneverstops', 'forgodandcountry']","https://twitter.com/RonMunsayac/status/1507648299788304391"
"235","3/26/2022","drprinceharmah","kudos to the ghana black stars for a solid performance full of heart and skill even though we did not win we are in a good position to finish the tie in the second leg come on         ","['forgodandcountry', 'dpha', 'blackstars']","https://twitter.com/drprinceharmah/status/1507484994360561664"
"236","3/26/2022","usairl2022","medal of honor day     ","['moh', 'chaplaincorps', 'religiousaffairs', 'forgodandcountry']","https://twitter.com/usairl2022/status/1507440666560839686"
"237","3/26/2022","usairl2022","medal of honor day     ","['moh', 'chaplaincorps', 'religiousaffairs', 'forgodandcountry']","https://twitter.com/usairl2022/status/1507440587611508743"
"238","3/26/2022","usairl2022","medal of honor day     ","['moh', 'chaplaincorps', 'religiousaffairs', 'forgodandcountry']","https://twitter.com/usairl2022/status/1507440482141364224"
"239","3/26/2022","usairl2022","medal of honor day     ","['moh', 'chaplaincorps', 'religiousaffairs', 'forgodandcountry']","https://twitter.com/usairl2022/status/1507433869007597569"
"240","3/26/2022","iamobroniba","eei sister hannah <U+0001F602><U+0001F923><U+0001F602> for god and country ampa <U+0001F602>   ","['ghanavsnaija', 'forgodandcountry']","https://twitter.com/IamObroniBa/status/1507423238204411905"
"241","3/26/2022","qwequbezaleel","for the love of the game  ","['forgodandcountry']","https://twitter.com/QwequBezaleel/status/1507417760380334085"
"242","3/26/2022","usairl2022","medal of honor day    ","['moh', 'chaplaincorps', 'forgodandcountry']","https://twitter.com/usairl2022/status/1507404772378296344"
"243","3/26/2022","usairl2022","medal of honor day    ","['moh', 'chaplaincorps', 'forgodandcountry']","https://twitter.com/usairl2022/status/1507404675649351690"
"244","3/26/2022","usairl2022","medal of honor day    ","['moh', 'chaplaincorps', 'forgodandcountry']","https://twitter.com/usairl2022/status/1507399828304764979"
"245","3/26/2022","usairl2022","medal of honor day    ","['moh', 'chaplaincorps', 'forgodandcountry']","https://twitter.com/usairl2022/status/1507399266070896640"
"246","3/26/2022","drprinceharmah","you hold the hope of a nation in your hands the nation holds you in our hearts we are solidly behind you and we believe you will make us proud  go ghana       ","['forgodandcountry', 'dpha', 'blackstars']","https://twitter.com/drprinceharmah/status/1507395189060608065"
"247","3/25/2022","ronmunsayac","maraming salamat po isabela tuloy ang laban para kinabukasan ng bayan  9  for president 1  for vice president 8  for partylist 7 barbo for senator   <U+0001F1F5><U+0001F1ED> ","['forgodandcountry']","https://twitter.com/RonMunsayac/status/1507219034676547594"
"248","3/25/2022","chaplaingary1","salute the flag and just keep marching soldier  the lord has you psalm 63     ","['chaplainlife', 'forgodandcountry', 'thepalaceandthecave', 'alabamang']","https://twitter.com/ChaplainGary1/status/1507040040807026690"
"249","3/25/2022","3_mrb_usarec","   ","['marchtoservice', 'armychaplain', 'forgodandcountry']","https://twitter.com/3_MRB_USAREC/status/1507039565911056390"
"250","3/24/2022","6thmrb","pro deo et patria | for god and country   |  |  ","['marchtoservice', 'armychaplain', 'forgodandcountry']","https://twitter.com/6thMRB/status/1506979168025776128"
"251","3/24/2022","benjaminakakpo3","the  promises nothing but  as we get into ghanas planned  as we hear from the  today we shall also look at the covid19  at the  and what changes are needed  join us  <U+0001F4AA><U+0001F3FE><U+0001F1EC><U+0001F1ED><U+0001F525><U+270C><U+0001F3FE><U+0001F64C><U+0001F3FE> ","['amshow', 'excitementandfireworks', 'economicreforms', 'financeminister', 'testingregime', 'kia', 'forgodandcountry']","https://twitter.com/BenjaminAkakpo3/status/1506878753452048384"
"252","3/24/2022","drprinceharmah","the donated items were received by the ekma municipal director of education mrs catherine biney at the ekma premises i believe these items will be effectively managed to improve education delivery in the kwesimintsim constituency       33","['forgodandcountry', 'kwesimintsim', 'dpha']","https://twitter.com/drprinceharmah/status/1506716163732119561"
"253","3/23/2022","wahabu_pharouk","<U+0001F1EC><U+0001F1ED>ghana month <U+0001F1EC><U+0001F1ED>black stars week  lets all come together and in our numbers to support our dear team<U+0001F1EC><U+0001F1ED>  i will be there to support my brothers so that we make history together dont miss out this friday  7pm      ","['bringbackthelove', 'forgodandcountry']","https://twitter.com/wahabu_pharouk/status/1506621764427730947"
"254","3/23/2022","danlad_ibrahim","<U+0001F1EC><U+0001F1ED>ghana month <U+0001F1EC><U+0001F1ED>black stars week  lets all come together and in our numbers to support our dear team<U+0001F1EC><U+0001F1ED>   i will be there to support my brothers so that we make history together dont miss out this friday  7pm  stadium     <U+0001F1EC><U+0001F1ED>1st ","['bringbackthelove', 'forgodandcountry']","https://twitter.com/danlad_ibrahim/status/1506606312532160516"
"255","3/23/2022","jeffriesconrad","<U+0001F1FA><U+0001F1F8> refuses to stay down <U+270D><U+FE0F>        ","['warrior', 'veteran', 'activeduty', 'nationalguard', 'suicide', 'solutions', 'forgodandcountry']","https://twitter.com/JeffriesConrad/status/1506598709437497355"
"256","3/23/2022","samdenno","dear god i pray for such lasting friendships and that we all win and win big together   <U+0001F64F><U+0001F3FE>","['forgodandcountry', 'nowfaith']","https://twitter.com/Samdenno/status/1506546216854827014"
"257","3/23/2022","coriencio"," god bless you and your grandchildren  god wins in the end  ","['forgodandcountry']","https://twitter.com/coriencio/status/1506522199926050820"
"258","3/23/2022","kwameforson14"," ","['aberdeenfamily', 'forgodandcountry']","https://twitter.com/kwameforson14/status/1506404698097688583"
"259","3/23/2022","drprinceharmah","i look forward to this lecture and i am proud of him for his patriotic contributions towards the development of our motherland         33","['forgodandcountry', 'kwesimintsim', 'dpha']","https://twitter.com/drprinceharmah/status/1506365688205783054"
"260","3/23/2022","chaplaingary1","theres nothing better than reconnecting in training with chaplains who have walked together with you throughout your career  its wonderful to be with these brothers again  chbolc 17001    ","['chaplainlife', 'godscall', 'forgodandcountry']","https://twitter.com/ChaplainGary1/status/1506365116438175756"
"261","3/22/2022","thejamessenyo","anywhere there is a counterfeit is because there is a real one  ~ pastor enoch ceyc      <U+0001F64F><U+0001F3FC>  <U+0001F1EC><U+0001F1ED>  ronaldo  blackstars  leadership  impact ","['epsulashibidinner', 'achargetokeepihave', 'forgodandcountry']","https://twitter.com/thejamessenyo/status/1506241345601556489"
"262","3/22/2022","benjaminakakpo3","its  time join us and lets discourse on those matters  also catch all the  from the   lets do this  <U+0001F4AA><U+0001F3FE><U+0001F1EC><U+0001F1ED><U+270C><U+0001F3FE><U+0001F64C><U+0001F3FE>    ","['amshow', 'crucialtoyou', 'liveaction', 'graphicstanbicbreakfastmeeting', 'forgodandcountry', 'joynews', 'amshow']","https://twitter.com/BenjaminAkakpo3/status/1506151982062571520"
"263","3/22/2022","jeffriesconrad","<U+0001F1FA><U+0001F1F8> <U+0001F682>           ","['veteran', 'activeduty', 'nationalguard', 'reserve', 'suicide', 'solutions', 'forgodandcountry', 'nda']","https://twitter.com/JeffriesConrad/status/1506107847641247747"
