"","tweet"
"1","dana white bob arum fix bradley fight stall vs"
"2","superstar wait"
"3","goodluck"
"4","idol mamayagpag halalan karapatdapat manalo"
"5","follow legal educ"
"6","presid come elect"
"7","dana white bob arum fix bradley fight stall vs"
"8","im build better leni robredo great reset puppet candid doorstep wake filipino"
"9","mayweath gt pacquiao"
"10","what pacquiao collect legaci god warrior tee avail"
"11","box icon presidenti candid manni say welcom intern presid rodrigo dutert war drug elect promi fight narcot due process street shoot"
"12","happi presid cardin hay high school"
"13","week contain proof quiver full spend famili enjoy holiday"
"14","pray countri pray leader pray chaplain corp continu deliv likekind ministri chaplain washington valley forg"
"15","welcom miss join us"
"16","notso christian karen"
"17","voic mean life fight futur grandchildren intact freedom"
"18","im brave enough stand believ"
"19","accept cryptocurr donat"
"20","love christian leader go"
"21","dame lumaba survey elect nainterview"
"22","kaisa sambayanang pilipino edsa kontra kahirapan edsa kontra nakaupo malacanang mauupo malacanang"
"23","kelangan hilahin sinoman nakaupo instead supportahan di makapagpabigat bayad kalabanin tao"
"24","lead kakampink leni imposs possibleng kakampink masalimuot dinana"
"25","ph demograph age experi young rememb regim age firsthand experi regim"
"26","manni speak fluentli thought thank genuin heart box govt servic alway carri flag countri"
"27","nice nakamask meme photo char manni"
"28","botant malinaw makakapagdeci iboboto buka mata nagpabudol magnanakawsinungalingwalang diplomalaki nakaw"
"29","filipino communiti koanni pacman ahahaha"
"30","pinupuri lgbtq communiti samesex union maibigay iboboto homophob"
"31","fire throw punch best candid count lead countri prayer diyo bayan"
"32","manni expect win hahhaha"
"33","imagin todo debat facebook kandidato debat"
"34","get roll interest qualiti top notch big name wonder next build project"
"35","vp sen sen good point"
"36","abolish prison establish gulag"
"37","jusko magwithdraw kanna inendor"
"38","case peopl fail evil partner abus partner basic hid abus system victim grasp"
"39","religi rememb separ state church faithba"
"40","love sinner hate sin"
"41","hala nananamn"
"42","today speak time histori choo leader confid entrust life futur includ children"
"43","buy read feb sunday newspap column senat presidenti candid seri"
"44","maram salamat marikina ipaglalaban"
"45","makabuluhang lune senat koko pimentel senat manni pacquiao campaign leader team manni pacquiao presid"
"46","nakakaini kakampink edukado kuno asal edukado respect choic"
"47","legend continu manni pacquiao son won amateur fight full fight"
"48","thank keiffer box ring founder manni pacquiao strive honor philippin give"
"49","kakandidato ralli inaatupag issu ekonomiya dat galaw gagalaw upo tangina kawawa mahihirap"
"50","makabuluhan aatra susuporta"
"51","manni pacquiao congratul jimuel win st amateur fight us read"
"52","cree que logr llevar nuevament el apellido lo estelar del boxeo"
"53","traininga real champion beauti wife"
"54","aminin kayang tapatan ganitong energi saya grand ralli"
"55","niyu idol free"
"56","candid ask vouch integr everyon senatori slate"
"57","manni pacquiao son emmanuel amateur fight diego box gym paradi hill"
"58","time workout rememb clip motiv push push origin"
"59","celebr endor polit candid help us understand share reason perform stage generic taglin"
"60","thank inspir honor root philip give philip visit"
"61","seem understand war valu averag american decent match probabl bring money entir economi less hour"
"62","eleksiyon dame entitl bukod cancel cancel cultur end entitl attitud rainbow color samasama"
"63","memor fight think match"
"64","nangnaaway besh respect support support presidenti candid fact kayong teh convinc peopl support support"
"65","wwe manni pacquiao creat superstar boxer senat attir psn ryderozpin creat superstar relea follow soon"
"66","regular"
"67","fight togeth readi empow communiti philippin visit"
"68","floyd mayweath king pacquiao tyson alltim ppv sale"
"69","manni pacquiao hot debat open follow errol spenc jr comment"
"70","send money philippin zero fee download enjoy free credit code mpf"
"71","pinklawan icheck privileg check"
"72","layunin ikabubuti bayan umatra iendorso"
"73","floyd mayweath get near knock"
"74","di kakasa sasabihin handler bbm tumaa survey"
"75","siguro box matatalo bbm debat doubt manni pacquiao jesus"
"76","mukhang di sinama balita sina campaign activ kunsabagay mahalaga event gozon"
"77","fuckyaw utak"
"78","potacca tapang ha hahahahahahahahahahahaahahhahaahahahha topic divorc diyo binabanggit tanga sadyang nasobrahan suntok utak"
"79","greatest box kncokout"
"80","eightdivi champion histori box won twelv major titl pac becam oldest welterweight champion histori age philippin"
"81","champion mark magsayo take wbc titl idol manni pacquiao"
"82","moment wait belt best idol thank advic kuya work harder next fight"
"83","sagot"
"84","maritesssss balita"
"85","salut true gentleman vpl"
"86","exci tax suspend presidenti candid answer comelec debat read"
"87","life loss either win learn champion help provid famili home bio"
"88","know respect"
"89","thank know purpo tesda"
"90","tamang tao iatfpara swim labanan swimmer boxer box labanan edi boxer whooo bar"
"91","emmanuel mean god us"
"92","presidenti candid manni pacquiao say administr focus gdp improv countri economi"
"93","undecid convinc candid respect go"
"94","sinu karapatdapat manalo pagkapresid pilipina thread choo ignor page piec"
"95","manni pacquiao presidenti elect tip comeback"
"96","cameleon ph work protect heal young girl survivor sexual abus center provid safe therapeut environ girl visit"
"97","airdrop opensea account idol util"
"98","politician busi posit benefit"
"99","politician busi posit benefit"
"100","elect nagpapalit gyud kog tshirt du bsag di botant karon di gyapon botant"
"101","black farmer video descript black ll"
"102","cree que gane la presidencia de"
"103","help"
"104","wrong move vp drilon ask candid consid withdraw pres race favor leni iron"
"105","live stream cctv observ system age avoid fraud"
"106","naniniwala chanc win presid saiyo suportahan winner"
"107","hold ern smile futur valu go epic name build tri"
"108","dare oneonon debat bbm give guy mirror instead"
"109","vaya par de dos"
"110","presidenti debat happen best far sayang"
"111","kawatan samax kulungan"
"112","mark lagot"
"113","hirap tanong tsaka rebut malamang di aattend di mapaghahalataang bobo"
"114","respect"
"115","challeng live enter game exclus offer unlock box pacman fast someth around weekend"
"116","ahora guard el timelap est coso es de minuto es feo estoy practicando velocidad sugirieron pacquiao versus ippo"
"117","hear bbm sdc naumbag knock punch katotohanang sinusuntok account candid shun debat"
"118","pacquiao malini tubig sapat mapawi uhaw"
"119","en diego pacquiao jr tuvo su primera pelea amateur en estado unido metro sk websit"
"120","easier peac elect candid follow focus campaign base truth credenti candid siraan lie"
"121","week messag bodili disciplin grow god work toward fulfil promi life life amaz happen take step"
"122","men equal measur time success depend best manag time minut week count god bless effort"
"123","love stop visit unit state armi institut religi leadership soldier report order await train"
"124","christian lend prophet vision insight generat nation cultur polici pastor rocki"
"125","christian influenc nation cultur polit bow christian leader lead cultur pastor rocki"
"126","christian person believ jesus christ follow teach pastor rocki"
"127","therefor christian discipl christ full time student practit school teach jesus christ believ antioch call christian discipl christ pastor rocki"
"128","christian act found brought antioch entir met church instruct larg number antioch discipl call christian"
"129","esther contd mordecai transgress king command spoke listen told haman order whether mordecai word stand told jew"
"130","esther contd king servant king gate bow paid homag haman king command concern mordecai bow homag king servant king gate"
"131","im christian esther king ahasuerus promot haman agagit son hammedatha advanc set throne offici"
"132","promdipdp presidenti bet sen visit presidenti candid current recov knee surgeri"
"133","good god bless patriot worldwid salut will stand freedom"
"134","honour support nobl project forward renov communiti centr serv purpo provid common space peopl adientem"
"135","binago buhay panginoon dumaan pinatatag hirap buhay protektahan matapang haharapin magnanakaw maliliitin magbibigay karangalan bansa presid"
"136","decept kenya tribal presid tribe benefit benefit feel join us sunday continu mirror book esther bibl kenya"
"137","chief chaplain visit armi chief chaplain chap mg thoma solhjem visit student chaplain captain career cour heart home armi chaplainci institut religi leadership march"
"138","airborn join us serv"
"139","today listen"
"140","thanq salut will fight freedom god bless"
"141","armi chief chaplain chap mg thoma solhjem hold town hall chaplain corp worldwid heart home armi chaplainci armi institut religi leadership fort jackson south carolina march"
"142","hope enjoy give credit lord savior upstair god bless btw"
"143","thanq thanq servic god bless militari god bless john"
"144","chang rock rebuk"
"145","remain commit develop issu belov kwesimintsim constitu shall continu support effort toward reali prosper kwesimintsim"
"146","togeth ghanafu rock"
"147","honor recogn adjudg best deputi minist health fak investig servic"
"148","favorit anim god creation fill beauti enough joy promot smile"
"149","simpl road success give best hardest disciplin train consist success product week"
"150","regist libreng pabahay trabaho kabuhayan regist"
"151","pangangampanya natutunan nagpatibay plano mamamayang pilipino"
"152","followup question paninindigan pagdat propo gawin work week makatipid empleyado inooppo employ"
"153","matiyak sapat trabaho matatag kabuhayan dekalidad standard kasanayan gagradu papasok mundo"
"154","puntong pilipina handa namang covid surg palalakasin pagtugon nakaupo puwesto"
"155","pananaw nagtagumpay build build build program kayoy maluklok itutuloy"
"156","sektor uunahin palakasin bigyang prayoridad upang mapabili pagahon ekonomiya"
"157","emmanuel manni pacquiao presid"
"158","good someth take advantag opportun come lazi boxer becam success wealthi good"
"159","laughabl sit least never slap degr"
"160","igorot box prodigi ifugao next manni pacquiao expert fan"
"161","rememb alway love famili friend spread love peac uniti hatr anger negat energi"
"162","keep entertain us fun creativ presidenti stuff particular account reveal four guess know reason includ"
"163","senat manni pacquiao tanong doctorney jose montemayor address sampung bata kame ipapadala alagaan magtatayo receiv center tuloytuloy suppli bata"
"164","ambisyoso utakdiba pap"
"165","opinion manni hmmmm magalin boxer senat manalo patunayan mapagkakaisa tao"
"166","elect season"
"167","aerial shot crowd campaign ralli manni pacquiao isabela read"
"168","peopl champ support fight face corrupt god bless"
"169","manni abl set asid person ambit god countri enter leagu legendari filipino hero filipino nation place histori hallow seal al"
"170","manni abl set asid person ambit god countri enter leagu legendari filipino hero filipino nation place histori hallow seal time"
"171","manni abl set asid person ambit god countri enter leagu legendari filipino hero filipino nation place histori hallow seal time"
"172","time shop donat portion purcha manni pacquiao foundat easi activ"
"173","miss pagsabihan"
"174","hey peep know presid"
"175","peopl champ support fight face corrupt god bless"
"176","peopl champ support fight face corrupt god bless"
"177","call stop fight support thus nobl act countri"
"178","ayi gago kna magaksaya pagud pera kna bai"
"179","manni gain respect stay true valu"
"180","manni pacquiao prai glorifi inspir former oppon"
"181","mabut tao dio tao bansa hahanapin presid"
"182","louder requir el deserv win"
"183","piti downward spiral"
"184","effect punch head decad clear manifest"
"185","botant fake news splice video sinishar achiev plataporma kandidato malay mahikayat undecid"
"186","manni pacquiao cour lose philippin presidenti elect bid"
"187","presidenti bet even answer light question watch netflix bond kid field hard question air soon"
"188","floyd mayweath top manni pacquiao mike tyson per view"
"189","pdp endor time support"
"190","lenlen level"
"191","paquiao push pk minimum wage frontlin read"
"192","debat atnd profess real panelist differ sector opportun showca brain platform tell attend thought real leader difficult"
"193","attend debat come march thought bbm attend debat tell mediocr smart"
"194","natatawa script support kulanghinihintay makulong sampahan kaso"
"195","dana white bob arum fix bradley fight stall vs"
"196","mejo hila two joint panic organ pina kurog lip"
"197","mayweath kid take nap"
"198","kayang sumakay di"
"199","joseph reynoso present manni pacquiao limit ident empir"
"200","dire ta ky walay dudang buotan hantod karon wa ghapon mi tv siguradong matagaan ngyd mi"
"201","pacquiaoemmanuel"
"202","sira ulo samali debat putak"
"203","nakakalungkot pangyayari pilipina kawatan nagkaisa person inter grupo oposisyon watakwatak person inter lord"
"204","hinahamon di bka leni isko hamunin tutal malapit rate char"
"205","totoo sigurado malini motibo plano senpaquiao babym"
"206","hope everyon find time read"
"207","im rekindl fervor around us qarmi anon"
"208","kulay pilipino panalo naniniwala pagasa pilipina umasenso"
"209","graduat school stop hour away home hotel assign armi cour bless quiet saturday studi work weekend laundri"
"210","visitor us joy thank pastor rocki grace us presenc sunday guest sunday wrap march sermon seri kwaheri road kiambu road"
"211","hear dr alveda king speak remind god children must kind"
"212","atm sen attend fiscal manag class peopl champion current take master public administr philippin christian univ"
"213","kudo ghana black star solid perform full heart skill though win good posit finish tie second leg"
"214","medal honor"
"215","medal honor"
"216","medal honor"
"217","medal honor"
"218","eei sister hannah"
"219","love game"
"220","medal honor"
"221","medal honor"
"222","medal honor"
"223","medal honor"
"224","hold hope nation hand nation hold heart solid behind believ us proud go ghana"
"225","maram salamat isabela tuloy kinabukasan bayan presid presid partylist barbo senat"
"226","salut flag march soldier lord psalm"
"227","pro deo et patria god countri"
"228","promi noth ghana plan hear shall covid chang need join us"
"229","donat item receiv ekma municip director educ mrs catherin biney ekma premi believ item effect manag improv educ deliveri kwesimintsim constitu"
"230","support brother histori togeth miss friday pm"
"231","st"
"232","dear god pray last friendship win win big togeth"
"233","god bless grandchildren god win end"
"234","forward lectur proud patriot contribut toward develop motherland"
"235","noth better reconnect train chaplain walk togeth throughout career wonder brother chbolc"
"236","anywh counterfeit real pastor enoch ceyc ronaldo blackstar leadership impact"
"237","time join us discour matter catch"
