,tweet
1,survey gonna win presid
2,legit boboto botant makakaboto presid
3,kulay asul puti simbolo tunay tapat mapayapa pamumuno
4,pwedeng laitin bbm sumasali opposit debat mismong kandidato opposit debat ipokrita
5,pwedeng theme song never gonna give rick astley im never gonna give cynthia rhode frank stallon never give sia
6,simpl candid skip interviewdeb duwag base premis leodi pinakamatapang count di paginvit pinakaduwag pakisagot
7,diretso nakaw scam project lalim pilipina ma tatalo kenya africa leader
8,puso tatanongin kulay puso
9,nalungkot
10,maram salamat mam pagsend tama popular contest pagpili iboboto pinagiisipan maig
11,duwag dadalo debat buka asan honor
12,ping lacson tito sotto turn debat due
13,platform base debat martial law base discuss
14,presid napakaliit chanc pink bbm labanan aattend debat
15,support restor remov religion equat legal marri legal marriag plain simpl act
16,solid support presid ping lacson
17,bts relat yeah presid
18,kinabukasan tama ipaglaban mali labanan
19,im tire redyellowpink fight nakakasawa bangayan leni ping lacson
20,kpopsj relat respect famili nakaka decid iboto plataporma kandidado pagka pangulo thank
21,els mareal kapwafilipino pilipina
22,mahihirapan silang pumorma slate mangungurakot presid iayo govern
23,stop attack peopl look stop cancel peopl choic stop speak ill peopl belief
24,gaganapin eleksyon sinong kandidato pagkapangulo iboboto
25,go
26,lacson continu presid ping continu polici program presid dutert improv
27,presidenti debat hear plan make think face moment answer mahirap ordinari citizen tax payer messag
28,push brave
29,know sentiment come formal statement obvious bias berni sander walk fox news couldnt viewer panelist credibl maboost campaign
30,thought socal biopic ping lacson super cop seen mess astigan bayuhan namang substanc personalidad sen ping think deserv new better biopic
31,maayo unta ug mahayagan imong utok holi spirit
32,statist speak naa juy clear winner come elect boto imu labyu ping
33,iconsid pagboto dalawang aspeto pangangailangan kagustohan bansa tapat marunong magpakumbaba higit takot mawalan kaalyado kaibigan madumihan
34,charact integr disciplin compass compet call public servant truli genuin reform countri unfortun matur intellig voter bare elect public servant
35,titibay tiwala gobyerno president
36,presid volunt campaign puso colleg issu pork barrel taa respeto tiwala deserv
37,presid lt
38,tandaan cinco lacson nuev sotto mayo tambalang karapat mamuno bansa imemor
39,tambalang malinaw plataporma ikauunlad ikaka ayo buhay filipino aayusin gobyerno aayusin buhay pilipino
40,lacson highlight role youth steer cours nation histori address peopl tagum earlier
41,cinco nuev mayo imemor
42,lacson know good hand malinaw platform base avail data know kukunan support unlik candid pulo motherhood statement nangopya platform
43,lacsonsotto
44,solid
45,asham couldnt abl attend full support sen
46,napakagandang artwork gandang larawan senat ping lacson napakag hector gawin munang profil ganda
47,might candid choic win vote candid biggest chanc win lamest reason candid wise
48,matalino elect dun tapat malasakit bayan
49,mabuhay kaupresid lacson presid tito
50,smart voter ris updont wast ping lacson presid
51,siempr lacson sotto
52,el president fellow pinoy hear phrase best presid never next six chanc
53,idol mamayagpag halalan karapatdapat manalo
54,senado lbm stan
55,senat kiko manuelenian dagupan support
56,faith warrior god god bless good luck sotto presidenti elect entir team
57,militari institut pma obtain lifetim achiev award rare difficult award achiev involv hardwork disciplin fealti pma stand courag integr loyalti
58,neverhuwag hayaang best presid never ping lacson tama yorm asset bayan
59,nr balota
60,lacsonsotto nakipag bond baguio
61,usapang tapat bola hatid tambalang lacsonsotto toda urdaneta
62,di ta anang agion ra tag binugoy oi ari ta klaro kaayo
63,sayangin boto piliin talagang makakapag bigay maayo tulong bansa mamamayang pilipino ping lacson us master fate ping lacson
64,marit corpuz date support lacson
65,ubusin magnanakaw ayusin gobyerno umaayo buhay pilipino
66,solusyon vs pagtaa presyo bilihin mararamdaman mahihirap
67,tumanggap lifetim achiev award philippin militari academi
68,nation need true servant leader lead exampl walk talk set singlestandard polici colorless leader full hatr color promot divis
69,pormal inendorso magalong lacsonsotto tandem press confer ginanap newtown plaza hotel
70,magalong filipino voter must realiz potenti consequ decis choos maintain status quo miss opportun pick upright leader lacson sotto
71,nakatanggap sen ping lacson lifetim achievenemt award pma baguio
72,receiv pma lifetim achiev award dedic exemplari unblemish servic countri
73,disiplina daha iniisip maram de displina de displina sen kapulisan gumamit dya daha displina integridad
74,organ ash pinasulong committe help ignit awar critic think within student bodi fight better tomorrow aspir art literatur articl isabella magno julia mangmang
75,live magnolia vs phoenix super lpg pba rush
76,ereh suwail subersibo rebeld rebolusyonaryo pinatay taon nakakaraan mapagpalaya diwa
77,live alaska vs rain shine pba rush
78,di naisip ipitin lalaka paniningdigan mamah vpl
79,live vs pba rush
80,claim
81,maayo gobyerno
82,panggiyera tunay maaasahan
83,gyera lacson sotto mabut hangarin bayan
84,susuportahan lacsonsotto tandem tapat bahid kurapsyon
85,salut ping andito kame suporta goodluck
86,good leader sen ping lacson matag napatunayan maglingkod bayan panatilih mapayapa malagoa bansa
87,deserv next presid sen ping lacson bayan totoong pagbabago hangad
88,couldnt wish ping lacson prove better els proud sen ping came far
89,articl un charter ph signatori
90,townhal meet lucena quezon provinc
91,tunay leader inisip kaligtasan pangangailangan mamamayang pilipino
92,deadlin
93,hinangaan ping lacson tapat paglilingkod bayan pamumuno sigurado mawawala korapsyon gobyerno
94,gale napaguusapan pinoy usbrav mover
95,angat panalo pilipino lacsonsotto
96,must kept wrong must set
97,salamat vp leni former sec abella doctor montemayor
98,bomoto tama ping lacson
99,yaaaaaassss
100,kill damn debatew deserv better
101,ukrain vs russia crisi ping lacson metaphor itabi
102,forum ra kaayo question though feel debat anyway proud answer tonight ehe
104,maglokohan mahirap buhay maram pilipino magnanakaw gobyerno ubusin magnanakaw
105,tama sen ping lacson halo presidenti kagabi inulitulit senp problema bansa maisasaayo pangulo malalas kapangyarihang kaakibat posisyon
106,paus sen ping sound bell signal time spoke volum approach observ rule
107,malini gobyerno hihintay
108,aba napaaga idol go sen ping lacson
109,truli leader ping lacson restor trust faith human phil better soon thru leadersh
110,tama tama ping bumoto tama
111,agre tama pinglacson tama ping bumoto tama
112,tama leader nmintama ping bumoto tama
113,agre leader nmin tama ping bumoto tama
114,pambato pangulo agre leader nmin tama ping bumoto tama
115,pinglacson presid tama ping bumoto tama
116,agre leader pinglacson presid tama ping bumoto tama
117,presidenti candid tama ping bumoto tama
118,napakahalaga boto tao gamitin tamang tao solid
119,napakahusay ping lacson
120,great job cnn debat sen ping lacson
121,masasabi naten tagumpay pagsuporta ping lacson
122,matalino magal ping ah
123,gale debat kahapon idol ping lacson
124,tama ping lacson iboto
125,ping lacson high integr bahid corrupt matapang leader wise
127,ping second choic choic
128,cebuano solid ping ragud
129,alway readi ping lacson
130,network endors candid clan balimb
131,tumatakbo sinasabi tama
132,pinahanga pinaka kwalipikadong mamuno bansang pilipina
133,end term pinoy look better administr start
134,alert level hope covid leav us stronger nation amidst critic convinc strong leadership polit better
135,malaman ping lacson napupusuang kandidato pagkapangulo
136,mukhang suplado senat palangit magnanakaw gobyerno seryoso malini kumikilo kapakanan pilipino uulitin masarap ulam
137,maayo paggamit pondo ayusin gobyerno pondo maram makikinabang maliliit komunidad
138,luvit watch wasnt hard finish trudo tail leg great speach great statesman
139,lacson stronger rampd fund boost pinoy rice farmer
140,tamang pamumuno magkakaroon budget kababayan tamang lider maibibigay tama mababantayan higpit malasakit piso
141,lalaban maayo gobyerno maayo kinabukasan pilipino
142,highest inflat decad give gun terrorist afghanistan shut pipe line less environment harm russia russian oil sanction go
143,ruso envas might encourag sleep giant call geopolit wise leader come elect countri kakayahan katapangan katapatan
144,ping lacson chose
145,tagal sinasabi sen ping lacson niyan lone crusad right wrong tuw budget deliber choos real leader
146,couldnt agre
147,lacson ukrain russia conflict
148,lacsonsotto important dumalo debat magkaalaman
149,init pagtanggap batagu tandem nina
150,pipili kapalaran pinglacson
151,lacson sotto stress support growth farm sector follow campaign sorti nueva ecija laguna foodproduc provinc whose farmer fishermen suffer
152,mapapahiya
153,disgust
154,noth strength presid bumbl read arguabl histor signific speech time
155,lacsonsotto propos paluwagan system msmes farmer fishermen
156,withdraw race endors love remain relev
157,magis pilipino himayin unawain plataporma pagkatao kandidato kinabukasan inang bayan
159,general communist
160,qualifi presid
161,chang leader concern filipino peopl lacson sotto tandem countri
162,ha
163,napakasakit umasat mabigokala malaka kabitenyosya
164,ping lacson monochrom vector art
165,di masisisi cavit kase kase init pagtanggap cavit pagtanggap vp leni
166,chameleon abil chang color
167,nanginginig takot ulopong nina masamaman per sasabihin rinlord kunin
168,tsismoso hayup sarap isigaw pagmumukha aka ping blockson
169,ampalayng ampalaya syang magnet person magkaroon kk audienc grand rallieskawawa namanpangalawang bese nyang pagtakbo president nangangamoy talo
170,special marit award
171,cavit hero villain know came famili true hero de dio know famili came
172,bayad crowd new favorit chant
173,sad bigla naturn ping nubayan mami leni pinagpipilian im glad ultim decid go mami leni
174,reason support support presidenti candid old fashion lead new era generat new era problem nagpapakahirap makapagtapo pagaar susuportahan fake graduat
175,backyard cavit bother proclam ralli loser
176,shame mahiya libolibong volunt nagsikap nagpagod ralli
177,marit
178,someth wrong cavit bailiwick multitud attende didnt attack vplr chose retali cavit kababayan wrong move pingpingp
179,pink sen ping tama accept ideolog simpli align sen ping truth hurt
180,support vp leni spent gas water snack total expens peso thought wise
181,alamano kyo
182,volleybal player
183,asul pula puti dilaw kulay watawat pilipina pink
184,kailangang magpakalat paninira sinawsawan manalo magtatapo maliligayang nilasi
185,truth hurt basi proof remulla sinung naissu gosh shame
186,ping lacson perfect exampl ambisyoso hahamakin makuha fake news papatulan maibagsak kalaban lubhang basura senador boboto inutil tanga basura
187,iboboto kaso unblock hind elect block
188,sayang ping believ believ leni
189,honest scare pronounc accus vs support princip author antiterror law end dead becau
190,scare honest feel end dead pin hope unconvent goosebump real
191,check totoo lacson regard red tag leni volunt kaso block
192,laka resort black propaganda masakit mata magshad em
193,kalaban pinki bayaran nmn talagang naganap cavit
194,makabayan
195,butthurt ampota never gather crowd ping disappoint second choic maigi manni leodi inggit pikit
196,sen kayong gumaya nina putinina xijinp
197,block kaagad
198,expect magshift vp leni attack kalaban momentum
199,desperado nagredtag
200,vp leni slate releas statement redtag heard els misinform inevit worst
201,magbagong buhaypwed kakampink umattend sorti nina hand inform makuha maritess marisol sagot advis goe
202,kapal ping lacson nohpag leni ralli kabataan npa bayaran kusa volunt bayaran trapo basura
203,sen nyu minamaliit nyu malini hangarin support mamamayan malini pamahalaan
204,imagin presidenti believ fake news red tag good never win
205,knowledg foreign polici sagot cnn debat spot take note
206,maawa pilipina pleasee
207,person countri need ping
208,need person time peopl senat ping lacson
209,senat ping lacson qualifi next presid countri philippin
210,doubt senat ping good countri
211,boto click photo chosen candid write reason vote himher check full detail
212,win loos think masasayang boto name asawa sen
213,philippin singapor southeast asia best perform economi
214,senat ping qualifi next presid countri
215,pumili tama mayo
216,vote presid th compet experienc qualifi seat highest posit land kakayahan katapangan katapatan
217,masyadong galingan ping lacson
218,power kind presid elect word
219,time regret time save wrong decis go forward lacsonsotto
220,deserv govern choos choos strong leadership tri test time pushov puppet plunder
221,drama gimmick fuzz plataporma porma presid best among rest periodt
222,concret doabl sensibl plan countri job countri need presid tara lacson
223,season public servant disciplin knowledg govern high integr polit abl implement law win presid
224,agre sp sotto state fact
225,nagtagumpay russia ukrain malamang gumayang teritoryo di malayong pasukin tsina lider matapang handa ganyang ping lacson tito sotto sakalam
226,solid sen
228,kababayan humabol nagdadalawang isip go sen learn track record old news impress
229,proud presid
230,sapat nararapat
231,maayo gobyerno anim taon utang loob paexperi
232,lacson believ power
233,tunay makikita botohan masyadong naniniwala survey
234,don magpapanalo pamilyang pilipino
235,ping lacson tapang talino qualifi sunod president pilipina lage handa mabili isip solusyon problema dumat bansa
236,qualifi sunod president pilipina ping lacson nasayo magal matalinong leader bansa
238,governor chiz escudero welcom senat presid tito sotto senat ping lacson amaz provinc sorsogon
239,malak bagay debat nakikita tao qualifi ping lacson
240,ping lacson siguradong kayanag aksyonan problemang korapsyon gobyerno makakapag bigay maayo kinabukasan mamamayang pilipino
241,presid
242,repost old toon nararamdaman
243,lenikiko canva bag
244,live nlex road warrior vs brgi ginebra miguel pba rush
245,tanggalangsakitng katawanjpeg
246,live blackwat boss vs tnt tropang giga pba rush
247,nakakaini kakampink edukado kuno asal edukado respect choic
248,point
249,kural panalo magkakasama kural pinagtutulungan ibagsak vp lohika
250,nice red tag digong
251,makabuluhan aatra susuporta
252,grabeeee sayaaaaa masaya hinihintay tara
253,believ lacson spot battl bbm pinoy check
254,nagpapagod milyamilya layo sainyorais white flag nowmakipaglaro apo
255,hahahahah lumalaba pakawala dati nyang boss imeldi statement nilalaba verif us proof magbas
256,roll
257,aminin kayang tapatan ganitong energi saya grand ralli
258,candid ask vouch integr everyon senatori slate
259,best rap
260,sever presid sat issu given due attent thank sen ping lacson stand predica
263,celebr endors polit candid help us understand share reason perform stage generic taglin
264,person silang top personalan trabaho malasakit bayan katoxican buhay
265,ganyang panic mode give
266,tama kaukawawa nmn sundalo
267,along
268,eleksiyon dame entitl bukod cancel cancel cultur end entitl attitud rainbow color samasama
269,dulo ping
270,bawal kantahin song sharon cuneta
271,pakitanong ping hahaikaw hndi kanta pinakanta saupinagdamot ibahabang nagdagdag yaman bbmsara support bumili album nuoncom
272,week sen visit daet camarin nort wear amaz kick im thank friend help find kick
273,feel battl fanat present plan issu put great crowd danc feed futur sensibl
274,posiblengpos pabwahahahahaha
275,hate veng vicious virul diabol pagpush antiterror law red tag kababayan endang live
276,min
277,wise respons leader
278,pakingaan plataporma programa senador giyera kontra kahirapan krimen korapsyon magkitakita mart march sanchez mira municip gym pm
279,sen humuhugot inspirasyon silent major behind patutunayan tamang leader bansa mamamayan panahong
280,tamang tama tanong gyera wise
281,maaliwala mata makakita disiplinadong mamamayan
282,saw crowd saw law order hereon countri need
283,bayan
284,sinong panggiyera lacsonsotto panalo
286,hear news confid late presid mlq loyalti parti end loyalti countri begin hope least
287,proud loud support panfilo ping morena lacson
298,magandang umaga cauayan isabela salamat pagsalubong pakikinig maiks mensah parter vicent tito sotto mamaya cabatuan
302,leadership action
303,count im lacsonsotto
304,notsosubtl polit getup
305,futur presid nababayaran makabayan
306,lacson brave bill empow lgus achiev inclus growth
307,ping lacson lie role martial law
309,live
310,presidenti aspir senat panfilo ping lacson urg voter choos leader provid better public servic instead politician prepar next elect visit pasig wednesday
311,sawa awayan dalawang kampo
312,ibalik tiwala gobyerno
313,live phoenix super lpg vs northport batang pier pba rush
314,dakilang pagibig manahan diyo naroroon alinlangan gumagamit black propaganda
315,live northport batang pier vs tnt tropang giga pba rush
316,live phoenix super lpg vs meralco bolt pba rush
317,pumasok inbox subject thesi updat
318,sentrong syudad liter butuan gasolina liter liblib barangay lumalalim kahirapan probinsya liblib lugar makatarungan maghimagsik
319,madala hoshi twalya dino heart cheek lt
320,ping job
321,sabong
322,duwag tunay utak interview
323,napupusuan ika th president pilipina
324,build build build better futur
325,honest speak ping isko mangondato abella leodi good underr good super perfectionist pinoy malini manila bay pipiliin
326,kurapsyon usapan pwedeng ikabit
327,maayo oorganisa tao
328,next presid
329,panawagan pilipino
330,press releas redtag
331,believ mananalo sen ping boto manalo gulo survey
332,block ping
333,maritesssss balita
334,defens unfortun defens hard believ heinous crime happen martial law court legislatur polic militari
335,chillax vs intens cram serious leader depend turo tao
336,true though siguro iichapwera survey incompar lalu nangunguna survey
337,go go go ping go win
338,presidenteng inuuna kapakanan mamayang pilipino
339,good govern better futur
340,debat nagig forum bore dumalo round serious entertain eyeopen us magkaalaman iboto
341,presidenti debat happen best far sayang
342,hirap tanong tsaka rebut malamang di aattend di mapaghahalataang bobo
343,pm rank vp leni rank sen ling laco noth follow
344,candid look presidenti dignifi confid experienc sotto
345,capabl enough qualiti leader sotto
346,sen ping presidentumpisahan pagbabago disiplina sotto
349,sotto
350,naway maglini magnanakaw gobyerno sotto
352,partido reporma standardbear senat ping see problem propos call fourday workweek help filipino cope surg oil price proper compens especi daili wage earner
354,govern must tighten regul esabong onlin cockfight oper will suspend accord partido reporma standardbear senat panfilo ping lacson wednesday
356,true qualifi trustworthi tumatakbo pagkapresident support ping lacson cost
357,alisin zhalli
358,alway choos sen ping lacson best leader countri patuloy kame sumosuporta
359,restor trust govern
360,tularan iboto senat ping lacson bagay nagagawan
361,kilala djahnn
362,simpl big heart work consist serv countri hope peopl priorit trait money popular
363,maikakaila nanalo debateng lage baong dato konkretong action plan totoong problema pilipina saludo
364,takot magnanakaw senat ping lacson
365,nagkukulang pahangain kakayahan pamunuan bansa
366,matalino magal ping lacson
367,ping lacson kaylangan bansa
368,tapat matapang magal ping lacson
369,solid solid ping
370,sarap isupport pi di bibiguin
371,president
372,magandang plataporma
373,alway support ping lacson
374,pinaplano nagawa ping lacson
375,ping lacson di masasayang boto
376,switch pong lacson go di sayang boto
377,presid give answer good platform solid ping lacson
378,ping lacson children futur
379,lacson lason bansa
380,basic debat lage handa
382,umunlad bansa plano tama
383,sang ayon
384,palakasan gobyerno doubl standard choos ping lacson
385,plano senat ping lacson
386,know ping lacson good presid
387,wish pray ping lacson next presid
388,ping gale
389,talagang masipag maasahan
390,tayuan president
391,tama kaylangan di nalulubog utang talino
392,handa ping bansa
393,balita switch ping lacson
394,solid ping lacwon ping president
395,ping nanalo ubo kurakot
396,gale husay ping
397,nabiyayaan talino gaya ping lacson
398,love support ping lacson
399,ey patag patag dumadami kakap
400,ping boto di sayang
401,karapat president kakaiba gale
402,ping lacson win
403,tayuan tunay president
404,term track record experi qualif panfilo morena lacson qualifi becom next presid republ philippin cfmarortol
405,burn ouchi madumb
406,mamaya partner sen sp sasabak ipakita suporta sumusunod hashtag
407,pandemya giyera lacson
408,plataporma lacson tunay walag kupa pagligta
409,kandidato takot debat kase mabut masasabi asahan lacson magsalita tuloy tuloy halatang totoo
410,matapo itaya buhay bayan nakaraang taon standardbear sen ipagpatuloy pagsilbi
411,nanalo bbm leni magulo gulo
412,senat ping lacson handang talakayin dof pagsuspind excis tax langi
413,vp makakatapat vs korapsyon
414,hitech pagtugon pandemya isusulong
415,alkald bayan maddela quirino tumaya
416,lacson gave answer ask sector priorit help round pilipina debat turn point organ commiss elect comelec
417,solid mapahiya boto sen
418,senador president paalaala gaano hinangaan liderato
419,asa senat ping lacson
420,ping langj iboboto
421,truli deserv titl posit excel
422,presid alway earli prepar readi anyth excit stand tonight
423,yehey good job manong
424,ping nagala raffi tulfo tuguegarao dinagsa sumbong problema mamamayan
425,senat handang talakayin dof pagsuspind excis tax langi
426,sinong panggiyera ping lacson
427,lider nagmamasid hinaharap kumikilo mangyari go forward bright futur
428,choos children futur
429,lider kayang ayusin gobyerno lalabanan katiwalian
432,plataporma ping lacson agrikultura libreng punla pataba makinarya pasilidad magsasaka panggiyera read program address farmer concern lacson
433,told choos ping mananalo answer ma pangingielam leni choic malaka magsasayang boto matag nagserbisyo magandang plataporma
434,speakcup attend mortifi ralli mix bag experi
435,malabon prami magbabaon maram alatito boy question wit person
436,iyan tatak
437,worth experi public servic legisl execut doubt readi
438,bbm leni tipong leni choic magbbm di masisisi magjustifi mali deserv deserv true leader
439,accur tho imo ping spot overal aspect
440,leadership integr ping lacson presid
441,proud ping lacson support
442,peopl philippin mareal gano kaganda plano ping bansa wise choos ping
443,ping key countri
444,totoong malasakit totoong pakialam
445,good luck sen ping lacson deserv win
446,better futur futur depend alway tomorrow mind whenev choic commit go forward irrefut incorrupt tandem
447,nueva ecija buka magkitakita buka gapan pm cabanatuan pm general natividad
448,ping lacson presid
449,krimen korapsyon kahirapan giyera ganitong sitwasyon magtitiwala baguhan nagkukunwar lage kakayahan katapatan katapangan choos ping lacson
450,pinglacson best among rest
451,pinglacson subok maaasahan mapag kakatiwalaan
453,ping lacson
454,ping lacson pinaka best
455,ping lacson best
457,president ping lacson
459,buti ping lacson attendan
460,aayusin gobyerno aayusin buhay pilipino
462,di mapapanood comelec presidenti debat support sen
463,good luck sen
464,sorri sen medyo madumi nainuman binoto paniguradong magagamit pilipina display masabi
465,ping lacson pnp career movi creat life ping lacson super cop hour
467,support end
468,ganoon research develop maayo lacson told isabelabas farmer ping lacson konkretong plano
469,ituloy senat ping tama magnanakaw dto bansa kampant clang mgagalaw dhl nagpprotekta knila
470,support tandem
471,two great leader frame
472,someth forward saturday
473,ping lacson nagtago bata samahan ping lacson ubusin magnanakaw ayusin gobyerno
475,thank god friday
476,kapatid never lose hope us leader polit ting realiti bite
477,jointheyr contend substanc
478,ping pinakamababa survey pinakamataa achiev
479,never dilawan
480,pelikula hour senador nagtago europ inspir president movi baba general nagbaril tawagan inspir katakot backer
481,ping
482,plataporma digit govern process
483,plataporma health system commit offer futureproof strategi new normal
484,rememb alway love famili friend spread love peac uniti hatr anger negat energi
485,keep entertain us fun creativ presidenti stuff particular account reveal four guess know reason includ
486,leader sikat social media believ univers vote multipli count
487,resibo
488,tinatanong paba
489,partido reporma spoke shift support sen ping lacson presidenti bid pres leni robredo read
490,person end cycl presid
491,totoo vp lemlem panama ky ping kya halo sina sabe pinaka pinaka qualifi
492,turn evil fight campaign tactic pera pera format entertain polit kinain sistema
493,leav blank makatulog mahimb poll
494,attack support bbm promot uniti think attack chang mind bbm act bbm
496,pangpagis gy shift sasamahan independ
497,settl less best
498,second choic magal choic
499,toxic
500,iwanan
501,miss pagsabihan
502,bumitaw partido hind bibitawan
503,aga kina maoy namon tatay
504,call stop fight support thus nobl act countri
506,problema pulitika pilipina trapo alvarez trapo robredo
507,betray
508,presidenti candid panfilo ping lacson resign chairmanship partido demokratikong reporma
511,dulo
512,love ping lacson
513,loyal ping lacson
514,ah ping huh nagpapatawa kaba
515,frustrat miss univers finalist
516,lacson unfair accus baguio magalong protect communist rebel elcac read
517,hanap pangulo paninindigan talino sipag pamumuno tapat
518,matimbang opinyon katotohanan respetuhin rumespeto tahimik laman madala lata maingay laman
519,believ among candid
520,deserv presid countri
521,lider marunog makinig magadjust
522,futur presid countri
523,love filipino come closet speak know go ipanalo maayo gobyerno magandang kinabukasan bayan
524,botant fake news splice video sinishar achiev plataporma kandidato malay mahikayat undecid
525,toxic support kandidato mapankahit panig manalo kayong magagawa kelan magbabago ugal pinoy
526,ping best senat great leadership among
527,intellig polit view strong leadership rise belov countri
529,peopl come support truli deserv lead nation love
530,ping lacson run presid platform anti corrupt budget reform antiinsurg econom recoveri support industri digit health covid pandem sourc
531,almost everyon go crazi red pink rose blue fossil flower preserv presid
532,fake news president wlng sens sens appreci
533,koba matapang
534,filipino will fight stand right theyr will fight presidenti bet better place
535,hinihintay sambayanang pilipino bumangon ak pilipina kahirapan
536,give marcos opportun steal filipino vote bbm give power kind think stuck bbm
537,switch candid challeng switch matalo isko makikita kandidato switch baliktad di switch deal start
538,naalala pelikula inspir
539,lacson leav partido reporma read
540,mejo hila two joint panic organ pina kurog lip
541,sen panfilo lacson resign chairman partido reporma parti run independ candid presid ballot remain prp standardbear read
542,kayang sumakay di
543,faith warrior god god bless good luck sotto
545,selfserv totoo desisyon sen di sangayon di tiwala cong alvarez anyway buti di partym
546,lacson resign partido reporma chairman independ read
547,alvarez noth traitor
548,philippin presidenti hope lacson resign parti independ
549,break presidenti candid ping resign partido reporma continu candidaci independ candid
550,arent run help citizen run defeat lacson matino tatakbo tatakbo magsilbi clvlyyuni
551,pilipina piliin sapat kakayahan malawak karanasan hustong katapangan higit kayong ipaglaban
552,nakakalungkot pangyayari pilipina kawatan nagkaisa person inter grupo oposisyon watakwatak person inter lord
554,omsim bbm mananalo papatay ulit tao
555,believ best choic presid countri sen ping sotto
557,sasahurin president loob anim taon hihingian nagcacampaign ralli ping mahal campaign ralli ping lacson independ candid nanakawan ping
558,sayang boto mananalo mananalo iboboto sayang naboto nabibilang sayang harap nagawa plano honest iboboto ayusin gobyerno
559,murder charg file lacson member joint task forc kill member kuratong baleleng syndic case dismiss rtc lack probabl caus sc affirm dismiss nov
560,tunay talagang kwalipikado
561,piliin darat halalan
562,sen ping lacson stood good govern fanfar stood ground
563,presidenti candid gave concret databas logic answer
564,pabigat rhedd
565,handang lumaban bayan mamamayan
566,iisa nmn paninindigan
567,napapansin nmn talagang umali team lacson sotto
568,tuloy sen ping name korap naniniwala prinsipyo president
569,di kagalingan english drop resign simpl mean kusang umali tinangg
570,shall continu howev support campaign ping lacson campaign presid offici spokesman
571,nagbayad bayaran nagmah bansa choos presid nakapaligid
572,thank senat
573,alway pray plan countri sen ping lacson pilipino love support handl issu respect
574,ping lacson true leader know handl issu face respect
577,alway admir respect honorobl gentleman
580,senat mataa respeto support dulo
582,sen ping bukod matapang matalino magal marunong manindigan bansa
583,di masayang boto sen ping lacson bigay boto
584,saludo bansa kakayahan paunlar buhay pilipino
585,lacson krimen korapsyon
586,totoong malasakit bansa sen ping lacson
587,sigurado sen ping lacson kaylangan bansa tuluyang pagbabago
588,sen ping lacson lag president
589,sarap suportahan bayan
590,humanga
591,maghahanap nandyan sen ping bukod matalino magal tapat magserbisyo bayan
592,saludo sen ping bukod matalino gale
594,know sen capabl outstand candid
595,salut sen everyth
596,tamang gawin iboto sen ping
599,sarap isupport ping di bibiguin
601,di sasaludo sen ping gale talino kaylangan bansa
603,kakayahan leader ping lacson
604,ping lacson president
606,leader
607,nararapat leader
608,naniniwala kakayahan magandang layunin bansa
609,salut alway support
611,countri
612,nararapat manalo kaylantgan bansa
613,saludo support
614,two polit balimbingan real tragic abandon second thought goe resili determin sen ping lacson quest serv filipino
615,thank sportsmanship
616,nakikita untiunti nagig maingay maram salamat patuloy pagsuporta
617,totoong pagbabago
618,di aatra either diretso malaca diretso bahay fight totoong pagbabago
619,ill stand mean stand alon stand ground leader
620,kandidato takot debat kase mabut masasabi
621,mabait leni magal ping go figur
622,di sayang boto tama iboboto lacson
623,ping straight shooter script
625,tuloy
626,celebr malak partido ordinaryong tao ping lacson pangulo maranao market vendor ping lacson tito sotto
627,loyalti parti end loyalti countri begin stop viscous cycl philippin polit tuloy pilipino iiwan
628,senat prinsipyo integridad true word kaibigang iwanan
629,papatinag president nabilib senat ping lacson tuloy
630,tuloy dulo
631,quot mlq loyalti parti end loyalti countri begin stop viscous cycl philippin polit tuloy pilipino iiwan
632,congrat lacson full support
634,go ping lacson
636,ingat lacson best
638,go ping lacson cotabato chapter support
639,nangiiwan kaibigan maram salamat manni pi ol iiwan aa lanan senat ping lacson solid mayo
640,im shock speechless know maram katanungan move forward given seismic chang ganunpaman naniniwala tatak loob name susuungin hamong
641,nice
643,wuhooooo tunay pagbabago
644,best
646,ping lacson huli
647,excit tshirt project full forc campaign april kakamp
648,rise merit demerit
649,im vote ping bec
650,ping lacson presid deserv
652,karapat president
653,maayong buntag cotabato excit makausap kayong
654,wuhooooooo go cotabato
655,galit magnanakaw siguradong uubusin magnanakaw boto senat ping lacson totoong pagbabago naupong president
656,totoong lider
657,saw leader
658,usapang siksik sustansya bahaw
659,town product ganda senat ping lacson
661,what gumagawa fake news
662,nadin nagkwento support kampo parent
663,yassss louder magpapadala ingay isip gamit saril konsensya
664,milyon rason sen lacson piliin
665,unbreak
666,sayang boto
668,leadership experi integr ping lacson tito sotto
669,week elect sharpi mark presid presid
670,week elect sharpi mark presid presid tuloy
671,katox pulitika pinag aaway away dungi
672,troll
673,marunong ngumiti presid happi weekend everyon check madami makikita
674,mind endors spot will add encourag di aaway baguilat binay belgica colmenar diokno eleazar escudero gordon hontivero lacson villanueva
675,ping pilipina th presid
676,doy instead sway color senseless reform roco chose action star plunder thought break point blind ride cycl along
677,break reporma founder renato de villa stick ping continu support endors dun paninindigan
678,patuloy pagsuporta kandidato palaka palaka sen ping lacson
679,boto iwanan kaman kaalyado andito
680,nagsisilabasan totoong kulay
681,sen
682,di porket anti tao pro leni dilawan
683,know undecid mind support lacsonsotto tandemtuloy
684,iwanan tuloy
685,lose fight truth win lie ping lacson presid
687,alway
688,iwanan lalaban dulo senat ipaglalaban huli napakagandang hangarin pilipina
689,left two choic qualifi experienc
690,convinc educ pipilitin aawayin bcoz nasunod give time isip isip
691,success final failur fatal courag continu count winston churchil
692,lacsonsotto believ fake news withdraw race
693,mainit pagtanggap pascual tagagapan tambalang lacsonsotto layun iangat estado lokal pamahalaan bansa
694,peopl smart vote qualifi ping
695,maaasahan
696,leadership exampl best end corrupt lacson leader
697,debat nagpatibay pundasyon support
698,kandidato ping lacson pinaka magandang track record
699,makinig magsaliksik unawain ping lacson piliin
700,ping presid qualifi presidenti candid lead countri
701,lacsonsotto tandem perfect rest nut
702,switch ping
703,ping lacson kandidatalk give hint chose
704,photoshop photoop kampanya malayong pamamahala deserv better better
705,nakiusap senat ping lacson tumanggap pork barrel senador sumangayon pera pera usapan ping lacson totoong pagbabago
706,presidenti aspir bahid mang korapsyon
707,old ad ring true matalino pilipino
708,ipng term senat refus pork barrel star general disciplin pnp decad career public servant
709,magandang umaga tara kape mainit thank lord safe trip
710,tiyak matutuwa balitang
711,fair famili atio castillo iii haze victim ibabalik tiwala nanunungkulan aayusin gobyerno aayusin buhay pilipino choos ping lacson
715,plataporma ping lacson agrikultura untiunt pagtapo importasyon produktong agrikultura panggiyera suc agricultur area focus farm cours lacson propos
716,palagay nanalo bbm magpeopl power pink nanalo vpl peopl power red greensana spl manalo tahimik moveon bansa tutal pinakahanda
717,ping lacson alamin brave plataporma senat ping lacson pinaka magandang pwedeng gawin masolusyonan malak korapsyon pilipina
718,tunay malasakit ping mahihirap maiiahon bansa kahirapan
719,ping presid ping better countri
720,plataporma ping lacson agrikultura irigasyon milyong hektaryang sakahan bansa panggiyera lacson say rampd irrig improv mindanao agricultur sector
721,yeeeee spirit next presid countri need leader embezzl money nation leader papahalagahan trabaho mahal bansa tao tay
722,naniniwala kakayahan sugpuin korapsyon sate bansa
723,mabuhay
725,susuportahan
726,god bless
727,pangulong susuportahan eleksiyon
728,magal pinuno tapang puso pilipino
729,support
730,qualifi leader mabili umaksyon higit serbisyong totoo pilipino
731,leader matapang ora pandemya gyera lalabanan ikakabuti bansa
732,best leader leader countri salut
733,magsaswang supportahan kagaya
734,di maali samin
735,nakakatuwang isipin
736,napakagandang art work bumabas magandang hangarin
737,hanga kakayahan pamunuan bansa supportado
738,makikitaan magandang hangarin
739,solid supporta bansa nararapat
740,simula tumakbo idolo kakayahan maglingkod bansa mabuhay
741,larangan pamumuno
742,mapapandemya giyera
743,best leader
744,president gawa salita
745,best leader countri paninindigan god bless
746,agre tuni sen good heart servic alway remain
747,sen matapang maganda hangarin bansa manira umangat salut
749,napakasipag makatao sen nakakabilib plataporma plano bansa support
751,nakakabilib
752,leader magandang pamumuno
753,sen president sainyo ipagkakatiwala taon buhay
754,perfect
755,choos wise presid ping lacson
756,leader concern peopl
757,nakakahanga convict pinakakarapatdapat sen
758,unit ping lacson
759,found facebook naghahanap resibo ping lacson
760,disagre casual statement deep wish cuff remark ill manner youth spout point conflict real leader two littl real diplomat acumen
761,next event
762,great respect truli leader countri need number low greatest sacrific countri give presidenti race
763,leni robredo shall spearhead effort win inclus mutual respect overal develop progress nation philippin
764,balanc inspir enforc senat ping lacson presid ping lacson
765,awar drive continu calumpit malolo bulacan
766,kase kaalam ganyang bagay solidong plataporma iboboto magis katotohanan
767,silang maipinta kandidato ping di mahihila sen ping lacson wise ping lacson
768,basahin articl buo ganda
769,good read
770,napakaganda brave platform sen ping budget reform advocaci villag empower born experi public servic wit what wrong system empow lgus empow filipino
771,thank senat ping lacson pagig dedic tugisin manloloko gobyerno malasakit pilipino saril inter inter
772,iangat anta pagpili mamumuno bayan totoong pagbabago ping lacson kakayahan patinuin hanay gobyerno nagawa plano wise
773,th go hard go home fight bayan
774,goodluck ping
775,maitatago katotohan huli malalaman tunay
776,data driven espiya kampo president
777,slowli sure true bandwagon
778,tunay
779,fellow age time phone weapon war follow lead fight disinform us color victim oblig fight standout
780,natatawa script support kulanghinihintay makulong sampahan kaso
781,nababayaran prinsipyo pera
783,iwanan sen andito dulo susuporta malayo pwedeng mangyari tandaan nandito
784,fake news aatra
785,di umattend campaign ralli bbmsara kahapon gentri pinadalhan nalaman
786,loyalti hope intact get stronger ping lacson strong leader
787,chang mindset common voter select candid kakayahan popularidad katapatan kayamanan katapangan mabait
788,test negat
789,follow
790,binitawan partido sen lacson kayang diktahan kandidato kayang bilugin ulo partido paninindigan
